[{"model": "auth.group", "pk": 1, "fields": {"name": "Clientes", "permissions": []}}, {"model": "auth.group", "pk": 2, "fields": {"name": "Administradores", "permissions": []}}, {"model": "auth.group", "pk": 3, "fields": {"name": "Veterinarios", "permissions": []}}, {"model": "auth.user", "pk": 1, "fields": {"password": "pbkdf2_sha256$1000000$vAmiDqYGFv047NSSRAZbyM$kwldMui3W82FUZ+tTE/B4pN6Zg2A8aKOGK18mA7v6zQ=", "last_login": "2025-10-25T13:23:33.668Z", "is_superuser": false, "username": "juan.perez", "first_name": "Juan", "last_name": "Pérez", "email": "juan.perez@email.com", "is_staff": false, "is_active": true, "date_joined": "2025-10-06T20:35:40.351Z", "groups": [], "user_permissions": []}}, {"model": "auth.user", "pk": 2, "fields": {"password": "pbkdf2_sha256$1000000$nSYDadRXZkEHi0gbfMV84A$ONAZkhJlvhyGLoqYBxrndY1ZZ78wPjhpvGQNnZhzpIQ=", "last_login": null, "is_superuser": false, "username": "maria.garcia", "first_name": "María", "last_name": "García", "email": "maria.garcia@email.com", "is_staff": false, "is_active": true, "date_joined": "2025-10-06T20:35:41.778Z", "groups": [], "user_permissions": []}}, {"model": "auth.user", "pk": 3, "fields": {"password": "pbkdf2_sha256$1000000$amYAu4DORyYZbPpODJa8sV$/fIg0PPzAjb86Vlvhs4UIyd5bw/eKzLIglPyvXFq83c=", "last_login": "2025-10-25T12:44:12.443Z", "is_superuser": false, "username": "carlos.rodriguez", "first_name": "Carlos", "last_name": "Rodríguez", "email": "carlos.rodriguez@email.com", "is_staff": false, "is_active": true, "date_joined": "2025-10-06T20:35:42.933Z", "groups": [], "user_permissions": []}}, {"model": "auth.user", "pk": 4, "fields": {"password": "pbkdf2_sha256$1000000$nSlTXP8wj6llIYOKPbFM5s$l8uOq6lVH8JyTbxtaKqodj1aWmuMNwi7UUCc9eEICkM=", "last_login": null, "is_superuser": false, "username": "ana.martinez", "first_name": "Ana", "last_name": "Martínez", "email": "ana.martinez@email.com", "is_staff": false, "is_active": true, "date_joined": "2025-10-06T20:35:44.178Z", "groups": [], "user_permissions": []}}, {"model": "auth.user", "pk": 5, "fields": {"password": "pbkdf2_sha256$1000000$d40yNrjFLt5i5QlK22ZQbr$zL6I2JEHiXSTiIp1p7O662znpR1QpFPFsQHAWg/9Shg=", "last_login": null, "is_superuser": false, "username": "luis.lopez", "first_name": "Luis", "last_name": "López", "email": "luis.lopez@email.com", "is_staff": false, "is_active": true, "date_joined": "2025-10-06T20:35:45.337Z", "groups": [], "user_permissions": []}}, {"model": "auth.user", "pk": 6, "fields": {"password": "pbkdf2_sha256$1000000$rGXJLqgEM8D4SVEVBPWBM3$QDaz68G3FSh0xLzUCfEPQ3EmWU2CM08/B3EH8oW61oc=", "last_login": null, "is_superuser": false, "username": "sofia.sanchez", "first_name": "Sofía", "last_name": "Sánchez", "email": "sofia.sanchez@email.com", "is_staff": false, "is_active": true, "date_joined": "2025-10-06T20:35:46.519Z", "groups": [], "user_permissions": []}}, {"model": "auth.user", "pk": 7, "fields": {"password": "pbkdf2_sha256$1000000$q0jigdR5Z3wLfzyvq7nrJp$9yes/0pOBhdNziK/jh3uOdhgeh56BeyaP8l6hJMp3k0=", "last_login": null, "is_superuser": false, "username": "diego.gomez", "first_name": "Diego", "last_name": "Gómez", "email": "diego.gomez@email.com", "is_staff": false, "is_active": true, "date_joined": "2025-10-06T20:35:47.684Z", "groups": [], "user_permissions": []}}, {"model": "auth.user", "pk": 8, "fields": {"password": "pbkdf2_sha256$1000000$XJOyD2phVSnUqRrSSc2OZF$AxEFIR40C+r3MaLKE4kwIL5rIXrEDG6JlA8sNHm70oc=", "last_login": null, "is_superuser": false, "username": "laura.torres", "first_name": "Laura", "last_name": "Torres", "email": "laura.torres@email.com", "is_staff": false, "is_active": true, "date_joined": "2025-10-06T20:35:48.810Z", "groups": [], "user_permissions": []}}, {"model": "auth.user", "pk": 9, "fields": {"password": "pbkdf2_sha256$1000000$MBj0TW9ATt55Y3MVI7SWST$f3kmWo64DBNd04AIbfKxMchz1e22r8ypEp9d8wCFWlY=", "last_login": null, "is_superuser": false, "username": "andres.ramirez", "first_name": "Andrés", "last_name": "Ramírez", "email": "andres.ramirez@email.com", "is_staff": false, "is_active": true, "date_joined": "2025-10-06T20:35:49.975Z", "groups": [], "user_permissions": []}}, {"model": "auth.user", "pk": 10, "fields": {"password": "pbkdf2_sha256$1000000$KrvYUYU2283P3mVMHcPRe0$mFW4Pe0Oj95vdv1+6B6mKQfTbZ3b+ZgtxcE8Nr5S5A0=", "last_login": null, "is_superuser": false, "username": "valentina.castro", "first_name": "Valentina", "last_name": "Castro", "email": "valentina.castro@email.com", "is_staff": false, "is_active": true, "date_joined": "2025-10-06T20:35:51.115Z", "groups": [], "user_permissions": []}}, {"model": "auth.user", "pk": 11, "fields": {"password": "pbkdf2_sha256$1000000$dTXtMc4iyKo1nn3mmevXO9$ie/o9KzqoMgw8/2RNj7VblS1Vlks0SIMCUjDzu7Hnpc=", "last_login": null, "is_superuser": false, "username": "pedro.morales", "first_name": "Pedro", "last_name": "Morales", "email": "pedro.morales@email.com", "is_staff": false, "is_active": true, "date_joined": "2025-10-06T20:35:53.023Z", "groups": [], "user_permissions": []}}, {"model": "auth.user", "pk": 12, "fields": {"password": "pbkdf2_sha256$1000000$mfl60Pnca3Ywr42m4WVXdB$SA3oFCBGhneUeMxv/9ghIavIBrkoHbMKE98O6EWdInA=", "last_login": null, "is_superuser": false, "username": "carolina.diaz", "first_name": "Carolina", "last_name": "Díaz", "email": "carolina.diaz@email.com", "is_staff": false, "is_active": true, "date_joined": "2025-10-06T20:35:54.300Z", "groups": [], "user_permissions": []}}, {"model": "auth.user", "pk": 13, "fields": {"password": "pbkdf2_sha256$1000000$QYoOxiESBjRkFeZXQUrKUH$GVp6PgYCg+fyHngrAByvW2A8Fz5w4+yHcwqRiLCzL6w=", "last_login": null, "is_superuser": false, "username": "ricardo.vera", "first_name": "Ricardo", "last_name": "Vera", "email": "ricardo.vera@email.com", "is_staff": false, "is_active": true, "date_joined": "2025-10-06T20:35:55.460Z", "groups": [], "user_permissions": []}}, {"model": "auth.user", "pk": 14, "fields": {"password": "pbkdf2_sha256$1000000$0yrtTaKO3EHNhPvQlCa7Il$8/B2hAs3A871nJGObavHYHKATVpt3El0zrg5tqs1ZZc=", "last_login": "2025-10-15T23:27:12.519Z", "is_superuser": false, "username": "natalia.rojas", "first_name": "Natalia", "last_name": "Rojas", "email": "natalia.rojas@email.com", "is_staff": false, "is_active": true, "date_joined": "2025-10-06T20:35:56.592Z", "groups": [], "user_permissions": []}}, {"model": "auth.user", "pk": 15, "fields": {"password": "pbkdf2_sha256$1000000$jDxxugWDXHzMXVc51gDSId$h4JvHUYhmUNdZFp1Tl7O6b/90zC+KWB+P6LKBUl/JL0=", "last_login": "2025-10-16T00:14:58.529Z", "is_superuser": false, "username": "fernando.silva", "first_name": "Fernando", "last_name": "Silva", "email": "fernando.silva@email.com", "is_staff": false, "is_active": true, "date_joined": "2025-10-06T20:35:57.737Z", "groups": [], "user_permissions": []}}, {"model": "auth.user", "pk": 17, "fields": {"password": "pbkdf2_sha256$1000000$mdW2NlFGl971en5APwU8XB$sQhQQRPvY54+3taOufSIe0+1UIBjmg4uuU7MF4MAxRo=", "last_login": "2025-10-28T20:40:25.379Z", "is_superuser": true, "username": "andres", "first_name": "", "last_name": "", "email": "andres01032001@gmail.com", "is_staff": true, "is_active": true, "date_joined": "2025-10-06T21:30:44.010Z", "groups": [], "user_permissions": []}}, {"model": "auth.user", "pk": 18, "fields": {"password": "pbkdf2_sha256$1000000$fjFJAMomhL1rLBwP873kzO$JmPAtPgRYZTii4GL7UTcRDSlntZShPsiGhQ8GKvnvJc=", "last_login": null, "is_superuser": false, "username": "testuser", "first_name": "Usuario", "last_name": "Prueba", "email": "test@example.com", "is_staff": false, "is_active": true, "date_joined": "2025-10-07T17:47:03.307Z", "groups": [], "user_permissions": []}}, {"model": "auth.user", "pk": 19, "fields": {"password": "pbkdf2_sha256$1000000$CNdZCAKGgYSfW2vsHeZ0Lb$G2Y7aV05AW9LgUahbnW+p+Fgp5Gan5jEVs6nuxcdtlE=", "last_login": "2025-10-28T20:03:25.670Z", "is_superuser": false, "username": "vet1", "first_name": "Juan", "last_name": "veterinario", "email": "veterinario@example.com", "is_staff": false, "is_active": true, "date_joined": "2025-10-07T18:26:10.170Z", "groups": [3], "user_permissions": []}}, {"model": "auth.user", "pk": 20, "fields": {"password": "pbkdf2_sha256$1000000$5RafAwdHMQAeNpwofvxnfA$UlvR4zeOfN/VdYexzdWD6dymAO63UlfqsvwBMoyeJOo=", "last_login": null, "is_superuser": false, "username": "prueva", "first_name": "Andres", "last_name": "Bravo", "email": "vetlove@gmail.com", "is_staff": false, "is_active": false, "date_joined": "2025-10-17T14:26:13.949Z", "groups": [1], "user_permissions": []}}, {"model": "auth.user", "pk": 21, "fields": {"password": "pbkdf2_sha256$1000000$Iy4SOhsIYKPUk3r3dcHLkr$2KWpgQ1MyPB5EJaztUktYonQmloOkV+alK65QAyRSS4=", "last_login": "2025-10-17T16:36:39.007Z", "is_superuser": false, "username": "usuario.prueba", "first_name": "andres", "last_name": "Bravo", "email": "usuario.prueba@gmail.com", "is_staff": false, "is_active": true, "date_joined": "2025-10-17T14:38:37.436Z", "groups": [1], "user_permissions": []}}, {"model": "auth.user", "pk": 23, "fields": {"password": "pbkdf2_sha256$1000000$rh7w2JQKXJDMEWwQoCCtxJ$kZUDk1QgU9SNEWYf05uCGR3KlOhmhJz4QscDFqIUiqs=", "last_login": "2025-10-22T06:10:08.763Z", "is_superuser": false, "username": "testuser2", "first_name": "", "last_name": "", "email": "test2@example.com", "is_staff": false, "is_active": true, "date_joined": "2025-10-22T05:49:41.871Z", "groups": [], "user_permissions": []}}, {"model": "auth.user", "pk": 24, "fields": {"password": "pbkdf2_sha256$1000000$mdss8UtJnfUKWY3Np2HJgK$RjdmsnjXN/yDGwsLMFBsRId/2CDi71GSxtD2W+oMM8g=", "last_login": null, "is_superuser": false, "username": "David777", "first_name": "David", "last_name": "Montalvo", "email": "soydavidenfermero@gmail.com", "is_staff": false, "is_active": false, "date_joined": "2025-10-25T12:46:11.875Z", "groups": [1], "user_permissions": []}}, {"model": "clientes.cliente", "pk": 1, "fields": {"usuario": 1, "cedula": "", "telefono": "3015994704", "direccion": "Calle 72 #10-34, Bogotá", "fecha_registro": "2025-10-06T20:35:41.767Z", "preferencias_comunicacion": "sms", "foto_perfil": "clientes/fotos_perfil/default.png"}}, {"model": "clientes.cliente", "pk": 2, "fields": {"usuario": 2, "cedula": "", "telefono": "3013978210", "direccion": "Carrera 15 #85-20, Bogotá", "fecha_registro": "2025-10-06T20:35:42.931Z", "preferencias_comunicacion": "whatsapp", "foto_perfil": "clientes/fotos_perfil/default.png"}}, {"model": "clientes.cliente", "pk": 3, "fields": {"usuario": 3, "cedula": "", "telefono": "3019034345", "direccion": "Avenida 19 #120-45, Bogotá", "fecha_registro": "2025-10-06T20:35:44.175Z", "preferencias_comunicacion": "email", "foto_perfil": "clientes/fotos_perfil/default.png"}}, {"model": "clientes.cliente", "pk": 4, "fields": {"usuario": 4, "cedula": "", "telefono": "3015338385", "direccion": "Calle 127 #54-12, Bogotá", "fecha_registro": "2025-10-06T20:35:45.335Z", "preferencias_comunicacion": "sms", "foto_perfil": "clientes/fotos_perfil/default.png"}}, {"model": "clientes.cliente", "pk": 5, "fields": {"usuario": 5, "cedula": "", "telefono": "3018774864", "direccion": "Carrera 7 #32-16, Bogotá", "fecha_registro": "2025-10-06T20:35:46.516Z", "preferencias_comunicacion": "whatsapp", "foto_perfil": "clientes/fotos_perfil/default.png"}}, {"model": "clientes.cliente", "pk": 6, "fields": {"usuario": 6, "cedula": "", "telefono": "3011072007", "direccion": "Transversal 93 #47-28, Bogotá", "fecha_registro": "2025-10-06T20:35:47.682Z", "preferencias_comunicacion": "email", "foto_perfil": "clientes/fotos_perfil/default.png"}}, {"model": "clientes.cliente", "pk": 7, "fields": {"usuario": 7, "cedula": "", "telefono": "3019131457", "direccion": "Diagonal 40 Bis #20-55, Bogotá", "fecha_registro": "2025-10-06T20:35:48.808Z", "preferencias_comunicacion": "whatsapp", "foto_perfil": "clientes/fotos_perfil/default.png"}}, {"model": "clientes.cliente", "pk": 8, "fields": {"usuario": 8, "cedula": "", "telefono": "3012908093", "direccion": "Calle 100 #18A-30, Bogotá", "fecha_registro": "2025-10-06T20:35:49.973Z", "preferencias_comunicacion": "whatsapp", "foto_perfil": "clientes/fotos_perfil/default.png"}}, {"model": "clientes.cliente", "pk": 9, "fields": {"usuario": 9, "cedula": "", "telefono": "3017594846", "direccion": "Carrera 50 #26-45, Bogotá", "fecha_registro": "2025-10-06T20:35:51.113Z", "preferencias_comunicacion": "sms", "foto_perfil": "clientes/fotos_perfil/default.png"}}, {"model": "clientes.cliente", "pk": 10, "fields": {"usuario": 10, "cedula": "", "telefono": "3015525335", "direccion": "Avenida 68 #75-80, Bogotá", "fecha_registro": "2025-10-06T20:35:52.296Z", "preferencias_comunicacion": "whatsapp", "foto_perfil": "clientes/fotos_perfil/default.png"}}, {"model": "clientes.cliente", "pk": 11, "fields": {"usuario": 11, "cedula": "", "telefono": "3201234567", "direccion": "Calle 45 #12-34, Bogotá", "fecha_registro": "2025-10-06T20:35:54.298Z", "preferencias_comunicacion": "email", "foto_perfil": "clientes/fotos_perfil/default.png"}}, {"model": "clientes.cliente", "pk": 12, "fields": {"usuario": 12, "cedula": "", "telefono": "3109876543", "direccion": "Carrera 30 #67-89, Bogotá", "fecha_registro": "2025-10-06T20:35:55.458Z", "preferencias_comunicacion": "whatsapp", "foto_perfil": "clientes/fotos_perfil/default.png"}}, {"model": "clientes.cliente", "pk": 13, "fields": {"usuario": 13, "cedula": "", "telefono": "3155555555", "direccion": "Avenida 68 #45-12, Bogotá", "fecha_registro": "2025-10-06T20:35:56.589Z", "preferencias_comunicacion": "sms", "foto_perfil": "clientes/fotos_perfil/default.png"}}, {"model": "clientes.cliente", "pk": 14, "fields": {"usuario": 14, "cedula": "", "telefono": "3187654321", "direccion": "Transversal 25 #34-56, Bogotá", "fecha_registro": "2025-10-06T20:35:57.734Z", "preferencias_comunicacion": "email", "foto_perfil": "clientes/fotos_perfil/default.png"}}, {"model": "clientes.cliente", "pk": 15, "fields": {"usuario": 15, "cedula": "", "telefono": "3143216789", "direccion": "Diagonal 80 #90-12, Bogotá", "fecha_registro": "2025-10-06T20:35:58.861Z", "preferencias_comunicacion": "whatsapp", "foto_perfil": "clientes/fotos_perfil/default.png"}}, {"model": "clientes.cliente", "pk": 16, "fields": {"usuario": 18, "cedula": "", "telefono": "123456789", "direccion": "Dirección de prueba", "fecha_registro": "2025-10-07T17:47:04.581Z", "preferencias_comunicacion": "email", "foto_perfil": "clientes/fotos_perfil/default.png"}}, {"model": "clientes.cliente", "pk": 18, "fields": {"usuario": 21, "cedula": "1193524935", "telefono": "3126658969", "direccion": "cienaga", "fecha_registro": "2025-10-17T14:38:38.643Z", "preferencias_comunicacion": "whatsapp", "foto_perfil": "clientes/fotos_perfil/default.png"}}, {"model": "clientes.cliente", "pk": 19, "fields": {"usuario": 23, "cedula": "", "telefono": "+573105956453", "direccion": "Test Address", "fecha_registro": "2025-10-22T05:49:43.065Z", "preferencias_comunicacion": "whatsapp", "foto_perfil": "clientes/fotos_perfil/default.png"}}, {"model": "clientes.cliente", "pk": 20, "fields": {"usuario": 24, "cedula": "1128184391", "telefono": "+57 3159042996", "direccion": "Calle 7A # 2A 17", "fecha_registro": "2025-10-25T12:46:13.187Z", "preferencias_comunicacion": "email", "foto_perfil": "clientes/fotos_perfil/default.png"}}, {"model": "clientes.cliente", "pk": 24, "fields": {"usuario": 19, "cedula": null, "telefono": "3105956453", "direccion": "carrera 32", "fecha_registro": "2025-10-28T20:30:32.464Z", "preferencias_comunicacion": "email", "foto_perfil": "clientes/fotos_perfil/default.png"}}, {"model": "mascotas.mascota", "pk": 1, "fields": {"nombre": "Max", "tipo": "perro", "raza": "Husky", "sexo": "hembra", "fecha_nacimiento": "2023-05-31", "cliente": 1, "microchip": "MX698594492671", "foto": "mascotas/Husky.webp", "alergias_conocidas": "Ninguna", "alergias_tipo": "", "enfermedades_cronicas": "", "enfermedades_tipo": "", "esterilizado": "si", "fecha_esterilizacion": null, "peso_actual": "7.88", "medicacion_actual": "", "comportamiento_consulta": "asustadizo", "veterinario_habitual": "Dr. García", "telefono_emergencia": "3012142606", "estado_vacunacion": "parcial", "fecha_ultima_vacuna": "2025-01-27", "desparasitacion": "desconocido", "fecha_ultima_desparasitacion": "2025-09-02", "cirugias_previas": "", "fecha_ultima_cirugia": null, "tipo_alimentacion": "BARF", "frecuencia_alimentacion": "2 veces al día", "comportamiento": "Tranquilo", "permite_manejo": "Sí, sin problemas", "cartilla_vacunacion": "", "observaciones_comportamiento": "", "caracteristicas": "Mascota perro de raza Husky", "color": "Café", "fecha_registro": "2025-10-06T20:35:52.300Z"}}, {"model": "mascotas.mascota", "pk": 2, "fields": {"nombre": "Luna", "tipo": "perro", "raza": "Poodle", "sexo": "hembra", "fecha_nacimiento": "2018-01-22", "cliente": 1, "microchip": "", "foto": "", "alergias_conocidas": "Ninguna", "alergias_tipo": "", "enfermedades_cronicas": "Problemas cardíacos", "enfermedades_tipo": "", "esterilizado": "desconocido", "fecha_esterilizacion": null, "peso_actual": "6.02", "medicacion_actual": "", "comportamiento_consulta": "nervioso", "veterinario_habitual": "Dr. García", "telefono_emergencia": "3012535549", "estado_vacunacion": "completo", "fecha_ultima_vacuna": "2025-03-23", "desparasitacion": "pendiente", "fecha_ultima_desparasitacion": "2025-04-18", "cirugias_previas": "Fractura", "fecha_ultima_cirugia": null, "tipo_alimentacion": "Casera", "frecuencia_alimentacion": "1 vez al día", "comportamiento": "Activo", "permite_manejo": "Con precaución", "cartilla_vacunacion": "", "observaciones_comportamiento": "", "caracteristicas": "Mascota perro de raza Poodle", "color": "Dorado", "fecha_registro": "2025-10-06T20:35:52.313Z"}}, {"model": "mascotas.mascota", "pk": 3, "fields": {"nombre": "Rocky", "tipo": "perro", "raza": "Husky", "sexo": "macho", "fecha_nacimiento": "2019-12-09", "cliente": 1, "microchip": "MX875256513940", "foto": "mascotas/Husky_bad0oqz.webp", "alergias_conocidas": "Ninguna", "alergias_tipo": "", "enfermedades_cronicas": "", "enfermedades_tipo": "", "esterilizado": "desconocido", "fecha_esterilizacion": null, "peso_actual": "24.03", "medicacion_actual": "", "comportamiento_consulta": "tranquilo", "veterinario_habitual": "Dr. García", "telefono_emergencia": "3011364451", "estado_vacunacion": "desconocido", "fecha_ultima_vacuna": "2025-05-11", "desparasitacion": "desconocido", "fecha_ultima_desparasitacion": null, "cirugias_previas": "", "fecha_ultima_cirugia": null, "tipo_alimentacion": "Concentrado", "frecuencia_alimentacion": "1 vez al día", "comportamiento": "Tímido", "permite_manejo": "Sí, sin problemas", "cartilla_vacunacion": "", "observaciones_comportamiento": "", "caracteristicas": "Mascota perro de raza Husky", "color": "Gris", "fecha_registro": "2025-10-06T20:35:52.316Z"}}, {"model": "mascotas.mascota", "pk": 4, "fields": {"nombre": "Felix", "tipo": "gato", "raza": "Ragdoll", "sexo": "hembra", "fecha_nacimiento": "2023-01-03", "cliente": 1, "microchip": "MX254467697597", "foto": "", "alergias_conocidas": "Polen", "alergias_tipo": "", "enfermedades_cronicas": "", "enfermedades_tipo": "", "esterilizado": "no", "fecha_esterilizacion": null, "peso_actual": "17.71", "medicacion_actual": "", "comportamiento_consulta": "nervioso", "veterinario_habitual": "Dra. Rodríguez", "telefono_emergencia": "3014084848", "estado_vacunacion": "completo", "fecha_ultima_vacuna": "2025-01-10", "desparasitacion": "desconocido", "fecha_ultima_desparasitacion": "2025-07-23", "cirugias_previas": "", "fecha_ultima_cirugia": null, "tipo_alimentacion": "Mixta", "frecuencia_alimentacion": "1 vez al día", "comportamiento": "Activo", "permite_manejo": "Solo con el dueño", "cartilla_vacunacion": "", "observaciones_comportamiento": "", "caracteristicas": "Mascota gato de raza Ragdoll", "color": "Blanco", "fecha_registro": "2025-10-06T20:35:52.319Z"}}, {"model": "mascotas.mascota", "pk": 5, "fields": {"nombre": "Whiskers", "tipo": "gato", "raza": "Británico", "sexo": "macho", "fecha_nacimiento": "2016-05-31", "cliente": 1, "microchip": "", "foto": "", "alergias_conocidas": "Ninguna", "alergias_tipo": "", "enfermedades_cronicas": "Diabetes", "enfermedades_tipo": "", "esterilizado": "no", "fecha_esterilizacion": null, "peso_actual": "30.61", "medicacion_actual": "", "comportamiento_consulta": "nervioso", "veterinario_habitual": "Dra. Rodríguez", "telefono_emergencia": "3015639348", "estado_vacunacion": "desconocido", "fecha_ultima_vacuna": null, "desparasitacion": "actualizado", "fecha_ultima_desparasitacion": "2025-06-19", "cirugias_previas": "Tumor", "fecha_ultima_cirugia": null, "tipo_alimentacion": "Mixta", "frecuencia_alimentacion": "2 veces al día", "comportamiento": "Tranquilo", "permite_manejo": "Sí, sin problemas", "cartilla_vacunacion": "", "observaciones_comportamiento": "", "caracteristicas": "Mascota gato de raza Británico", "color": "Moteado", "fecha_registro": "2025-10-06T20:35:52.322Z"}}, {"model": "mascotas.mascota", "pk": 6, "fields": {"nombre": "Simba", "tipo": "gato", "raza": "Esfinge", "sexo": "hembra", "fecha_nacimiento": "2012-07-02", "cliente": 1, "microchip": "MX824404506890", "foto": "", "alergias_conocidas": "Ninguna", "alergias_tipo": "", "enfermedades_cronicas": "Problemas cardíacos", "enfermedades_tipo": "", "esterilizado": "no", "fecha_esterilizacion": null, "peso_actual": "15.65", "medicacion_actual": "", "comportamiento_consulta": "asustadizo", "veterinario_habitual": "Dra. Rodríguez", "telefono_emergencia": "3014596066", "estado_vacunacion": "parcial", "fecha_ultima_vacuna": "2025-06-05", "desparasitacion": "actualizado", "fecha_ultima_desparasitacion": "2025-05-15", "cirugias_previas": "", "fecha_ultima_cirugia": null, "tipo_alimentacion": "BARF", "frecuencia_alimentacion": "2 veces al día", "comportamiento": "Activo", "permite_manejo": "Sí, sin problemas", "cartilla_vacunacion": "", "observaciones_comportamiento": "", "caracteristicas": "Mascota gato de raza Esfinge", "color": "Café", "fecha_registro": "2025-10-06T20:35:52.325Z"}}, {"model": "mascotas.mascota", "pk": 7, "fields": {"nombre": "Bruno", "tipo": "perro", "raza": "Pastor Alemán", "sexo": "macho", "fecha_nacimiento": "2014-06-19", "cliente": 1, "microchip": "", "foto": "mascotas/Pastor_Alemán_HSdE0EG.jpeg", "alergias_conocidas": "Ninguna", "alergias_tipo": "", "enfermedades_cronicas": "", "enfermedades_tipo": "", "esterilizado": "si", "fecha_esterilizacion": null, "peso_actual": "7.90", "medicacion_actual": "", "comportamiento_consulta": "tranquilo", "veterinario_habitual": "Dra. Rodríguez", "telefono_emergencia": "3018929125", "estado_vacunacion": "completo", "fecha_ultima_vacuna": "2025-09-01", "desparasitacion": "pendiente", "fecha_ultima_desparasitacion": "2025-04-27", "cirugias_previas": "", "fecha_ultima_cirugia": null, "tipo_alimentacion": "Concentrado", "frecuencia_alimentacion": "2 veces al día", "comportamiento": "Juguetón", "permite_manejo": "Sí, sin problemas", "cartilla_vacunacion": "", "observaciones_comportamiento": "", "caracteristicas": "Mascota perro de raza Pastor Alemán", "color": "Gris", "fecha_registro": "2025-10-06T20:35:52.329Z"}}, {"model": "mascotas.mascota", "pk": 8, "fields": {"nombre": "Coco", "tipo": "perro", "raza": "Mestizo", "sexo": "hembra", "fecha_nacimiento": "2017-11-10", "cliente": 1, "microchip": "MX308920185264", "foto": "mascotas/Mestizo_FJHHMYk.jpeg", "alergias_conocidas": "Ninguna", "alergias_tipo": "", "enfermedades_cronicas": "", "enfermedades_tipo": "", "esterilizado": "no", "fecha_esterilizacion": null, "peso_actual": "27.66", "medicacion_actual": "", "comportamiento_consulta": "tranquilo", "veterinario_habitual": "Dr. García", "telefono_emergencia": "3019256481", "estado_vacunacion": "completo", "fecha_ultima_vacuna": "2024-10-10", "desparasitacion": "desconocido", "fecha_ultima_desparasitacion": "2025-04-27", "cirugias_previas": "", "fecha_ultima_cirugia": null, "tipo_alimentacion": "Mixta", "frecuencia_alimentacion": "1 vez al día", "comportamiento": "Activo", "permite_manejo": "Con precaución", "cartilla_vacunacion": "", "observaciones_comportamiento": "", "caracteristicas": "Mascota perro de raza Mestizo", "color": "Dorado", "fecha_registro": "2025-10-06T20:35:52.331Z"}}, {"model": "mascotas.mascota", "pk": 9, "fields": {"nombre": "Shadow", "tipo": "gato", "raza": "Ragdoll", "sexo": "hembra", "fecha_nacimiento": "2019-10-17", "cliente": 1, "microchip": "", "foto": "", "alergias_conocidas": "Ninguna", "alergias_tipo": "", "enfermedades_cronicas": "", "enfermedades_tipo": "", "esterilizado": "desconocido", "fecha_esterilizacion": null, "peso_actual": "28.51", "medicacion_actual": "", "comportamiento_consulta": "asustadizo", "veterinario_habitual": "Dra. Rodríguez", "telefono_emergencia": "3016881528", "estado_vacunacion": "completo", "fecha_ultima_vacuna": "2025-07-09", "desparasitacion": "actualizado", "fecha_ultima_desparasitacion": null, "cirugias_previas": "Fractura", "fecha_ultima_cirugia": null, "tipo_alimentacion": "BARF", "frecuencia_alimentacion": "3 veces al día", "comportamiento": "Tímido", "permite_manejo": "Con precaución", "cartilla_vacunacion": "", "observaciones_comportamiento": "", "caracteristicas": "Mascota gato de raza Ragdoll", "color": "Gris", "fecha_registro": "2025-10-06T20:35:52.334Z"}}, {"model": "mascotas.mascota", "pk": 10, "fields": {"nombre": "Mia", "tipo": "perro", "raza": "Chihuahua", "sexo": "hembra", "fecha_nacimiento": "2014-12-06", "cliente": 1, "microchip": "MX833494283662", "foto": "", "alergias_conocidas": "Polvo", "alergias_tipo": "", "enfermedades_cronicas": "Diabetes", "enfermedades_tipo": "", "esterilizado": "no", "fecha_esterilizacion": null, "peso_actual": "9.61", "medicacion_actual": "", "comportamiento_consulta": "asustadizo", "veterinario_habitual": "Dr. García", "telefono_emergencia": "3014109859", "estado_vacunacion": "completo", "fecha_ultima_vacuna": "2025-06-22", "desparasitacion": "actualizado", "fecha_ultima_desparasitacion": "2025-05-17", "cirugias_previas": "", "fecha_ultima_cirugia": null, "tipo_alimentacion": "Mixta", "frecuencia_alimentacion": "3 veces al día", "comportamiento": "Activo", "permite_manejo": "Con precaución", "cartilla_vacunacion": "", "observaciones_comportamiento": "", "caracteristicas": "Mascota perro de raza Chihuahua", "color": "Dorado", "fecha_registro": "2025-10-06T20:35:52.337Z"}}, {"model": "mascotas.mascota", "pk": 11, "fields": {"nombre": "Michi", "tipo": "gato", "raza": "Esfinge", "sexo": "hembra", "fecha_nacimiento": "2022-07-03", "cliente": 2, "microchip": "MX692303133225", "foto": "", "alergias_conocidas": "Polen", "alergias_tipo": "", "enfermedades_cronicas": "", "enfermedades_tipo": "", "esterilizado": "si", "fecha_esterilizacion": null, "peso_actual": "23.51", "medicacion_actual": "", "comportamiento_consulta": "asustadizo", "veterinario_habitual": "Dra. Rodríguez", "telefono_emergencia": "3018622517", "estado_vacunacion": "parcial", "fecha_ultima_vacuna": "2025-06-21", "desparasitacion": "actualizado", "fecha_ultima_desparasitacion": null, "cirugias_previas": "Tumor", "fecha_ultima_cirugia": null, "tipo_alimentacion": "BARF", "frecuencia_alimentacion": "3 veces al día", "comportamiento": "Tranquilo", "permite_manejo": "Con precaución", "cartilla_vacunacion": "", "observaciones_comportamiento": "", "caracteristicas": "Mascota gato de raza Esfinge", "color": "Tricolor", "fecha_registro": "2025-10-06T20:35:52.340Z"}}, {"model": "mascotas.mascota", "pk": 12, "fields": {"nombre": "Luna", "tipo": "perro", "raza": "Husky", "sexo": "macho", "fecha_nacimiento": "2024-11-17", "cliente": 2, "microchip": "MX276749858387", "foto": "mascotas/Husky_yaTGSBd.webp", "alergias_conocidas": "Ninguna", "alergias_tipo": "", "enfermedades_cronicas": "", "enfermedades_tipo": "", "esterilizado": "desconocido", "fecha_esterilizacion": null, "peso_actual": "16.29", "medicacion_actual": "", "comportamiento_consulta": "asustadizo", "veterinario_habitual": "Dr. García", "telefono_emergencia": "3018535243", "estado_vacunacion": "desconocido", "fecha_ultima_vacuna": null, "desparasitacion": "desconocido", "fecha_ultima_desparasitacion": "2025-08-28", "cirugias_previas": "", "fecha_ultima_cirugia": null, "tipo_alimentacion": "Concentrado", "frecuencia_alimentacion": "1 vez al día", "comportamiento": "Juguetón", "permite_manejo": "Sí, sin problemas", "cartilla_vacunacion": "", "observaciones_comportamiento": "", "caracteristicas": "Mascota perro de raza Husky", "color": "Negro", "fecha_registro": "2025-10-06T20:35:52.343Z"}}, {"model": "mascotas.mascota", "pk": 13, "fields": {"nombre": "Rocky", "tipo": "perro", "raza": "Husky", "sexo": "hembra", "fecha_nacimiento": "2024-01-10", "cliente": 2, "microchip": "MX443973538574", "foto": "mascotas/Husky_OZAjgPE.webp", "alergias_conocidas": "Ninguna", "alergias_tipo": "Alimentaria", "enfermedades_cronicas": "", "enfermedades_tipo": "", "esterilizado": "desconocido", "fecha_esterilizacion": null, "peso_actual": "22.56", "medicacion_actual": "Suplementos vitamínicos", "comportamiento_consulta": "nervioso", "veterinario_habitual": "Dr. García", "telefono_emergencia": "3017399963", "estado_vacunacion": "desconocido", "fecha_ultima_vacuna": "2025-02-21", "desparasitacion": "desconocido", "fecha_ultima_desparasitacion": "2025-06-08", "cirugias_previas": "Esterilización", "fecha_ultima_cirugia": null, "tipo_alimentacion": "Concentrado", "frecuencia_alimentacion": "1 vez al día", "comportamiento": "Activo", "permite_manejo": "Con precaución", "cartilla_vacunacion": "", "observaciones_comportamiento": "", "caracteristicas": "Mascota perro de raza Husky", "color": "Moteado", "fecha_registro": "2025-10-06T20:35:52.345Z"}}, {"model": "mascotas.mascota", "pk": 14, "fields": {"nombre": "Felix", "tipo": "gato", "raza": "Siamés", "sexo": "macho", "fecha_nacimiento": "2013-12-29", "cliente": 2, "microchip": "MX961947275994", "foto": "", "alergias_conocidas": "Ciertos alimentos", "alergias_tipo": "", "enfermedades_cronicas": "Artritis", "enfermedades_tipo": "", "esterilizado": "si", "fecha_esterilizacion": null, "peso_actual": "3.84", "medicacion_actual": "", "comportamiento_consulta": "tranquilo", "veterinario_habitual": "Dr. García", "telefono_emergencia": "3014141909", "estado_vacunacion": "desconocido", "fecha_ultima_vacuna": null, "desparasitacion": "pendiente", "fecha_ultima_desparasitacion": null, "cirugias_previas": "", "fecha_ultima_cirugia": null, "tipo_alimentacion": "BARF", "frecuencia_alimentacion": "3 veces al día", "comportamiento": "Juguetón", "permite_manejo": "Con precaución", "cartilla_vacunacion": "", "observaciones_comportamiento": "", "caracteristicas": "Mascota gato de raza Siamés", "color": "Blanco", "fecha_registro": "2025-10-06T20:35:52.348Z"}}, {"model": "mascotas.mascota", "pk": 15, "fields": {"nombre": "Whiskers", "tipo": "gato", "raza": "Bengalí", "sexo": "hembra", "fecha_nacimiento": "2025-04-19", "cliente": 2, "microchip": "", "foto": "", "alergias_conocidas": "Ninguna", "alergias_tipo": "", "enfermedades_cronicas": "Problemas cardíacos", "enfermedades_tipo": "", "esterilizado": "no", "fecha_esterilizacion": null, "peso_actual": "10.61", "medicacion_actual": "", "comportamiento_consulta": "asustadizo", "veterinario_habitual": "Dra. Rodríguez", "telefono_emergencia": "3014169335", "estado_vacunacion": "parcial", "fecha_ultima_vacuna": "2024-12-05", "desparasitacion": "pendiente", "fecha_ultima_desparasitacion": "2025-07-29", "cirugias_previas": "", "fecha_ultima_cirugia": null, "tipo_alimentacion": "Mixta", "frecuencia_alimentacion": "3 veces al día", "comportamiento": "Tímido", "permite_manejo": "Sí, sin problemas", "cartilla_vacunacion": "", "observaciones_comportamiento": "", "caracteristicas": "Mascota gato de raza Bengalí", "color": "Dorado", "fecha_registro": "2025-10-06T20:35:52.350Z"}}, {"model": "mascotas.mascota", "pk": 16, "fields": {"nombre": "Lola", "tipo": "perro", "raza": "Labrador", "sexo": "hembra", "fecha_nacimiento": "2021-01-06", "cliente": 2, "microchip": "MX397836278889", "foto": "", "alergias_conocidas": "Ninguna", "alergias_tipo": "", "enfermedades_cronicas": "", "enfermedades_tipo": "", "esterilizado": "desconocido", "fecha_esterilizacion": null, "peso_actual": "13.44", "medicacion_actual": "", "comportamiento_consulta": "tranquilo", "veterinario_habitual": "Dra. Rodríguez", "telefono_emergencia": "3017446818", "estado_vacunacion": "completo", "fecha_ultima_vacuna": null, "desparasitacion": "pendiente", "fecha_ultima_desparasitacion": "2025-07-29", "cirugias_previas": "", "fecha_ultima_cirugia": null, "tipo_alimentacion": "Concentrado", "frecuencia_alimentacion": "2 veces al día", "comportamiento": "Tímido", "permite_manejo": "Con precaución", "cartilla_vacunacion": "", "observaciones_comportamiento": "", "caracteristicas": "Mascota perro de raza Labrador", "color": "Gris", "fecha_registro": "2025-10-06T20:35:52.352Z"}}, {"model": "mascotas.mascota", "pk": 17, "fields": {"nombre": "Nala", "tipo": "gato", "raza": "Bengalí", "sexo": "macho", "fecha_nacimiento": "2017-09-29", "cliente": 2, "microchip": "", "foto": "", "alergias_conocidas": "Ninguna", "alergias_tipo": "Ambiental", "enfermedades_cronicas": "Problemas cardíacos", "enfermedades_tipo": "", "esterilizado": "no", "fecha_esterilizacion": null, "peso_actual": "26.49", "medicacion_actual": "Suplementos vitamínicos", "comportamiento_consulta": "asustadizo", "veterinario_habitual": "Dr. García", "telefono_emergencia": "3012092430", "estado_vacunacion": "parcial", "fecha_ultima_vacuna": null, "desparasitacion": "pendiente", "fecha_ultima_desparasitacion": "2025-06-17", "cirugias_previas": "", "fecha_ultima_cirugia": null, "tipo_alimentacion": "BARF", "frecuencia_alimentacion": "1 vez al día", "comportamiento": "Activo", "permite_manejo": "Con precaución", "cartilla_vacunacion": "", "observaciones_comportamiento": "", "caracteristicas": "Mascota gato de raza Bengalí", "color": "Tricolor", "fecha_registro": "2025-10-06T20:35:52.355Z"}}, {"model": "mascotas.mascota", "pk": 18, "fields": {"nombre": "Tiger", "tipo": "gato", "raza": "Ragdoll", "sexo": "macho", "fecha_nacimiento": "2015-08-01", "cliente": 2, "microchip": "MX416552720374", "foto": "", "alergias_conocidas": "Ninguna", "alergias_tipo": "Ambiental", "enfermedades_cronicas": "", "enfermedades_tipo": "", "esterilizado": "si", "fecha_esterilizacion": null, "peso_actual": "5.21", "medicacion_actual": "", "comportamiento_consulta": "tranquilo", "veterinario_habitual": "Dra. Rodríguez", "telefono_emergencia": "3015081260", "estado_vacunacion": "parcial", "fecha_ultima_vacuna": "2024-11-20", "desparasitacion": "actualizado", "fecha_ultima_desparasitacion": "2025-05-19", "cirugias_previas": "", "fecha_ultima_cirugia": null, "tipo_alimentacion": "BARF", "frecuencia_alimentacion": "1 vez al día", "comportamiento": "Tranquilo", "permite_manejo": "Sí, sin problemas", "cartilla_vacunacion": "", "observaciones_comportamiento": "", "caracteristicas": "Mascota gato de raza Ragdoll", "color": "Negro", "fecha_registro": "2025-10-06T20:35:52.358Z"}}, {"model": "mascotas.mascota", "pk": 19, "fields": {"nombre": "Shadow", "tipo": "gato", "raza": "Bengalí", "sexo": "macho", "fecha_nacimiento": "2011-07-26", "cliente": 2, "microchip": "MX374656447736", "foto": "", "alergias_conocidas": "Ninguna", "alergias_tipo": "", "enfermedades_cronicas": "", "enfermedades_tipo": "", "esterilizado": "no", "fecha_esterilizacion": null, "peso_actual": "33.66", "medicacion_actual": "", "comportamiento_consulta": "tranquilo", "veterinario_habitual": "Dra. Rodríguez", "telefono_emergencia": "3019335731", "estado_vacunacion": "parcial", "fecha_ultima_vacuna": null, "desparasitacion": "pendiente", "fecha_ultima_desparasitacion": "2025-04-14", "cirugias_previas": "Fractura", "fecha_ultima_cirugia": null, "tipo_alimentacion": "Concentrado", "frecuencia_alimentacion": "3 veces al día", "comportamiento": "Activo", "permite_manejo": "Con precaución", "cartilla_vacunacion": "", "observaciones_comportamiento": "", "caracteristicas": "Mascota gato de raza Bengalí", "color": "Negro", "fecha_registro": "2025-10-06T20:35:52.360Z"}}, {"model": "mascotas.mascota", "pk": 20, "fields": {"nombre": "Luna", "tipo": "gato", "raza": "Bengalí", "sexo": "macho", "fecha_nacimiento": "2023-09-25", "cliente": 2, "microchip": "MX491826559638", "foto": "", "alergias_conocidas": "Ninguna", "alergias_tipo": "Alimentaria", "enfermedades_cronicas": "", "enfermedades_tipo": "", "esterilizado": "no", "fecha_esterilizacion": null, "peso_actual": "8.42", "medicacion_actual": "", "comportamiento_consulta": "tranquilo", "veterinario_habitual": "Dr. García", "telefono_emergencia": "3017834305", "estado_vacunacion": "completo", "fecha_ultima_vacuna": null, "desparasitacion": "pendiente", "fecha_ultima_desparasitacion": "2025-06-18", "cirugias_previas": "Fractura", "fecha_ultima_cirugia": null, "tipo_alimentacion": "Mixta", "frecuencia_alimentacion": "2 veces al día", "comportamiento": "Tímido", "permite_manejo": "Solo con el dueño", "cartilla_vacunacion": "", "observaciones_comportamiento": "", "caracteristicas": "Mascota gato de raza Bengalí", "color": "Tricolor", "fecha_registro": "2025-10-06T20:35:52.363Z"}}, {"model": "mascotas.mascota", "pk": 21, "fields": {"nombre": "Michi", "tipo": "gato", "raza": "Mestizo", "sexo": "macho", "fecha_nacimiento": "2017-01-31", "cliente": 3, "microchip": "MX793675949531", "foto": "mascotas/Mestizo_xxo5wG1.jpeg", "alergias_conocidas": "Ninguna", "alergias_tipo": "Alimentaria", "enfermedades_cronicas": "", "enfermedades_tipo": "", "esterilizado": "desconocido", "fecha_esterilizacion": null, "peso_actual": "11.71", "medicacion_actual": "Suplementos vitamínicos", "comportamiento_consulta": "tranquilo", "veterinario_habitual": "Dr. García", "telefono_emergencia": "3018359478", "estado_vacunacion": "desconocido", "fecha_ultima_vacuna": "2024-12-13", "desparasitacion": "desconocido", "fecha_ultima_desparasitacion": null, "cirugias_previas": "", "fecha_ultima_cirugia": null, "tipo_alimentacion": "Concentrado", "frecuencia_alimentacion": "2 veces al día", "comportamiento": "Activo", "permite_manejo": "Con precaución", "cartilla_vacunacion": "", "observaciones_comportamiento": "", "caracteristicas": "Mascota gato de raza Mestizo", "color": "Dorado", "fecha_registro": "2025-10-06T20:35:52.365Z"}}, {"model": "mascotas.mascota", "pk": 22, "fields": {"nombre": "Luna", "tipo": "perro", "raza": "Labrador", "sexo": "macho", "fecha_nacimiento": "2018-11-25", "cliente": 3, "microchip": "", "foto": "", "alergias_conocidas": "Ninguna", "alergias_tipo": "", "enfermedades_cronicas": "Diabetes", "enfermedades_tipo": "", "esterilizado": "si", "fecha_esterilizacion": null, "peso_actual": "16.72", "medicacion_actual": "Suplementos vitamínicos", "comportamiento_consulta": "tranquilo", "veterinario_habitual": "Dr. García", "telefono_emergencia": "3018561878", "estado_vacunacion": "completo", "fecha_ultima_vacuna": "2025-05-28", "desparasitacion": "desconocido", "fecha_ultima_desparasitacion": null, "cirugias_previas": "", "fecha_ultima_cirugia": null, "tipo_alimentacion": "Mixta", "frecuencia_alimentacion": "2 veces al día", "comportamiento": "Tímido", "permite_manejo": "Sí, sin problemas", "cartilla_vacunacion": "", "observaciones_comportamiento": "", "caracteristicas": "Mascota perro de raza Labrador", "color": "Café", "fecha_registro": "2025-10-06T20:35:52.368Z"}}, {"model": "mascotas.mascota", "pk": 23, "fields": {"nombre": "Rocky", "tipo": "perro", "raza": "Chihuahua", "sexo": "hembra", "fecha_nacimiento": "2014-04-29", "cliente": 3, "microchip": "MX937931099775", "foto": "", "alergias_conocidas": "Ninguna", "alergias_tipo": "", "enfermedades_cronicas": "Artritis", "enfermedades_tipo": "", "esterilizado": "no", "fecha_esterilizacion": null, "peso_actual": "20.75", "medicacion_actual": "Suplementos vitamínicos", "comportamiento_consulta": "tranquilo", "veterinario_habitual": "Dra. Rodríguez", "telefono_emergencia": "3012487369", "estado_vacunacion": "parcial", "fecha_ultima_vacuna": "2025-05-19", "desparasitacion": "actualizado", "fecha_ultima_desparasitacion": "2025-08-09", "cirugias_previas": "", "fecha_ultima_cirugia": null, "tipo_alimentacion": "BARF", "frecuencia_alimentacion": "2 veces al día", "comportamiento": "Tímido", "permite_manejo": "Solo con el dueño", "cartilla_vacunacion": "", "observaciones_comportamiento": "", "caracteristicas": "Mascota perro de raza Chihuahua", "color": "Gris", "fecha_registro": "2025-10-06T20:35:52.371Z"}}, {"model": "mascotas.mascota", "pk": 24, "fields": {"nombre": "Felix", "tipo": "gato", "raza": "Esfinge", "sexo": "hembra", "fecha_nacimiento": "2024-12-07", "cliente": 3, "microchip": "MX833296180203", "foto": "", "alergias_conocidas": "Polvo", "alergias_tipo": "Ambiental", "enfermedades_cronicas": "Problemas cardíacos", "enfermedades_tipo": "", "esterilizado": "desconocido", "fecha_esterilizacion": null, "peso_actual": "26.78", "medicacion_actual": "Suplementos vitamínicos", "comportamiento_consulta": "tranquilo", "veterinario_habitual": "Dr. García", "telefono_emergencia": "3012834305", "estado_vacunacion": "parcial", "fecha_ultima_vacuna": "2025-03-27", "desparasitacion": "pendiente", "fecha_ultima_desparasitacion": "2025-04-16", "cirugias_previas": "", "fecha_ultima_cirugia": null, "tipo_alimentacion": "Concentrado", "frecuencia_alimentacion": "2 veces al día", "comportamiento": "Tímido", "permite_manejo": "Sí, sin problemas", "cartilla_vacunacion": "", "observaciones_comportamiento": "", "caracteristicas": "Mascota gato de raza Esfinge", "color": "Gris", "fecha_registro": "2025-10-06T20:35:52.375Z"}}, {"model": "mascotas.mascota", "pk": 25, "fields": {"nombre": "Whiskers", "tipo": "gato", "raza": "Esfinge", "sexo": "macho", "fecha_nacimiento": "2019-02-09", "cliente": 3, "microchip": "MX612506745806", "foto": "", "alergias_conocidas": "Ninguna", "alergias_tipo": "", "enfermedades_cronicas": "Diabetes", "enfermedades_tipo": "", "esterilizado": "no", "fecha_esterilizacion": null, "peso_actual": "11.02", "medicacion_actual": "", "comportamiento_consulta": "asustadizo", "veterinario_habitual": "Dra. Rodríguez", "telefono_emergencia": "3013038785", "estado_vacunacion": "desconocido", "fecha_ultima_vacuna": null, "desparasitacion": "pendiente", "fecha_ultima_desparasitacion": "2025-05-21", "cirugias_previas": "", "fecha_ultima_cirugia": null, "tipo_alimentacion": "Mixta", "frecuencia_alimentacion": "3 veces al día", "comportamiento": "Juguetón", "permite_manejo": "Con precaución", "cartilla_vacunacion": "", "observaciones_comportamiento": "", "caracteristicas": "Mascota gato de raza Esfinge", "color": "Gris", "fecha_registro": "2025-10-06T20:35:52.379Z"}}, {"model": "mascotas.mascota", "pk": 26, "fields": {"nombre": "Simba", "tipo": "gato", "raza": "Bengalí", "sexo": "hembra", "fecha_nacimiento": "2022-06-24", "cliente": 3, "microchip": "MX938509038030", "foto": "", "alergias_conocidas": "Ninguna", "alergias_tipo": "", "enfermedades_cronicas": "Problemas cardíacos", "enfermedades_tipo": "", "esterilizado": "desconocido", "fecha_esterilizacion": null, "peso_actual": "32.45", "medicacion_actual": "", "comportamiento_consulta": "tranquilo", "veterinario_habitual": "Dra. Rodríguez", "telefono_emergencia": "3017267935", "estado_vacunacion": "completo", "fecha_ultima_vacuna": "2025-04-12", "desparasitacion": "desconocido", "fecha_ultima_desparasitacion": "2025-05-25", "cirugias_previas": "", "fecha_ultima_cirugia": null, "tipo_alimentacion": "Mixta", "frecuencia_alimentacion": "1 vez al día", "comportamiento": "Juguetón", "permite_manejo": "Con precaución", "cartilla_vacunacion": "", "observaciones_comportamiento": "", "caracteristicas": "Mascota gato de raza Bengalí", "color": "Dorado", "fecha_registro": "2025-10-06T20:35:52.383Z"}}, {"model": "mascotas.mascota", "pk": 27, "fields": {"nombre": "Bruno", "tipo": "perro", "raza": "Poodle", "sexo": "hembra", "fecha_nacimiento": "2017-11-08", "cliente": 3, "microchip": "MX895770546257", "foto": "", "alergias_conocidas": "Polen", "alergias_tipo": "", "enfermedades_cronicas": "", "enfermedades_tipo": "", "esterilizado": "desconocido", "fecha_esterilizacion": null, "peso_actual": "5.84", "medicacion_actual": "Suplementos vitamínicos", "comportamiento_consulta": "tranquilo", "veterinario_habitual": "Dr. García", "telefono_emergencia": "3016895948", "estado_vacunacion": "desconocido", "fecha_ultima_vacuna": "2025-06-19", "desparasitacion": "desconocido", "fecha_ultima_desparasitacion": null, "cirugias_previas": "", "fecha_ultima_cirugia": null, "tipo_alimentacion": "BARF", "frecuencia_alimentacion": "1 vez al día", "comportamiento": "Tranquilo", "permite_manejo": "Con precaución", "cartilla_vacunacion": "", "observaciones_comportamiento": "", "caracteristicas": "Mascota perro de raza Poodle", "color": "Gris", "fecha_registro": "2025-10-06T20:35:52.387Z"}}, {"model": "mascotas.mascota", "pk": 28, "fields": {"nombre": "Tiger", "tipo": "gato", "raza": "Bengalí", "sexo": "hembra", "fecha_nacimiento": "2023-06-24", "cliente": 3, "microchip": "", "foto": "", "alergias_conocidas": "Ninguna", "alergias_tipo": "Ambiental", "enfermedades_cronicas": "", "enfermedades_tipo": "", "esterilizado": "no", "fecha_esterilizacion": null, "peso_actual": "14.74", "medicacion_actual": "", "comportamiento_consulta": "asustadizo", "veterinario_habitual": "Dr. García", "telefono_emergencia": "3011181631", "estado_vacunacion": "completo", "fecha_ultima_vacuna": "2025-08-05", "desparasitacion": "actualizado", "fecha_ultima_desparasitacion": null, "cirugias_previas": "", "fecha_ultima_cirugia": null, "tipo_alimentacion": "Concentrado", "frecuencia_alimentacion": "3 veces al día", "comportamiento": "Tímido", "permite_manejo": "Sí, sin problemas", "cartilla_vacunacion": "", "observaciones_comportamiento": "", "caracteristicas": "Mascota gato de raza Bengalí", "color": "Gris", "fecha_registro": "2025-10-06T20:35:52.392Z"}}, {"model": "mascotas.mascota", "pk": 29, "fields": {"nombre": "Toby", "tipo": "perro", "raza": "Chihuahua", "sexo": "hembra", "fecha_nacimiento": "2016-08-31", "cliente": 3, "microchip": "", "foto": "", "alergias_conocidas": "Ninguna", "alergias_tipo": "Alimentaria", "enfermedades_cronicas": "", "enfermedades_tipo": "", "esterilizado": "desconocido", "fecha_esterilizacion": null, "peso_actual": "34.64", "medicacion_actual": "", "comportamiento_consulta": "tranquilo", "veterinario_habitual": "Dr. García", "telefono_emergencia": "3014755783", "estado_vacunacion": "desconocido", "fecha_ultima_vacuna": "2025-07-30", "desparasitacion": "pendiente", "fecha_ultima_desparasitacion": "2025-06-15", "cirugias_previas": "", "fecha_ultima_cirugia": null, "tipo_alimentacion": "BARF", "frecuencia_alimentacion": "1 vez al día", "comportamiento": "Tranquilo", "permite_manejo": "Solo con el dueño", "cartilla_vacunacion": "", "observaciones_comportamiento": "", "caracteristicas": "Mascota perro de raza Chihuahua", "color": "Blanco", "fecha_registro": "2025-10-06T20:35:52.394Z"}}, {"model": "mascotas.mascota", "pk": 30, "fields": {"nombre": "Mia", "tipo": "perro", "raza": "Mestizo", "sexo": "hembra", "fecha_nacimiento": "2023-09-28", "cliente": 3, "microchip": "MX352923504587", "foto": "mascotas/Mestizo_qnrZ48q.jpeg", "alergias_conocidas": "Ninguna", "alergias_tipo": "", "enfermedades_cronicas": "", "enfermedades_tipo": "", "esterilizado": "si", "fecha_esterilizacion": null, "peso_actual": "30.98", "medicacion_actual": "", "comportamiento_consulta": "nervioso", "veterinario_habitual": "Dra. Rodríguez", "telefono_emergencia": "3011618734", "estado_vacunacion": "desconocido", "fecha_ultima_vacuna": "2025-04-10", "desparasitacion": "actualizado", "fecha_ultima_desparasitacion": "2025-07-25", "cirugias_previas": "Fractura", "fecha_ultima_cirugia": null, "tipo_alimentacion": "Casera", "frecuencia_alimentacion": "1 vez al día", "comportamiento": "Activo", "permite_manejo": "Con precaución", "cartilla_vacunacion": "", "observaciones_comportamiento": "", "caracteristicas": "Mascota perro de raza Mestizo", "color": "Blanco", "fecha_registro": "2025-10-06T20:35:52.398Z"}}, {"model": "mascotas.mascota", "pk": 31, "fields": {"nombre": "Max", "tipo": "perro", "raza": "Chihuahua", "sexo": "macho", "fecha_nacimiento": "2014-03-03", "cliente": 4, "microchip": "", "foto": "", "alergias_conocidas": "Polen", "alergias_tipo": "", "enfermedades_cronicas": "Diabetes", "enfermedades_tipo": "", "esterilizado": "si", "fecha_esterilizacion": null, "peso_actual": "2.13", "medicacion_actual": "Suplementos vitamínicos", "comportamiento_consulta": "asustadizo", "veterinario_habitual": "Dr. García", "telefono_emergencia": "3011072536", "estado_vacunacion": "completo", "fecha_ultima_vacuna": "2025-05-28", "desparasitacion": "pendiente", "fecha_ultima_desparasitacion": "2025-09-03", "cirugias_previas": "", "fecha_ultima_cirugia": null, "tipo_alimentacion": "Mixta", "frecuencia_alimentacion": "1 vez al día", "comportamiento": "Tranquilo", "permite_manejo": "Sí, sin problemas", "cartilla_vacunacion": "", "observaciones_comportamiento": "", "caracteristicas": "Mascota perro de raza Chihuahua", "color": "Café", "fecha_registro": "2025-10-06T20:35:52.401Z"}}, {"model": "mascotas.mascota", "pk": 32, "fields": {"nombre": "Garfield", "tipo": "gato", "raza": "Siamés", "sexo": "hembra", "fecha_nacimiento": "2024-04-25", "cliente": 4, "microchip": "", "foto": "", "alergias_conocidas": "Ninguna", "alergias_tipo": "", "enfermedades_cronicas": "", "enfermedades_tipo": "", "esterilizado": "si", "fecha_esterilizacion": null, "peso_actual": "32.52", "medicacion_actual": "", "comportamiento_consulta": "nervioso", "veterinario_habitual": "Dra. Rodríguez", "telefono_emergencia": "3011364340", "estado_vacunacion": "parcial", "fecha_ultima_vacuna": null, "desparasitacion": "pendiente", "fecha_ultima_desparasitacion": "2025-06-10", "cirugias_previas": "", "fecha_ultima_cirugia": null, "tipo_alimentacion": "Casera", "frecuencia_alimentacion": "2 veces al día", "comportamiento": "Tímido", "permite_manejo": "Con precaución", "cartilla_vacunacion": "", "observaciones_comportamiento": "", "caracteristicas": "Mascota gato de raza Siamés", "color": "Gris", "fecha_registro": "2025-10-06T20:35:52.405Z"}}, {"model": "mascotas.mascota", "pk": 33, "fields": {"nombre": "Salem", "tipo": "gato", "raza": "Mestizo", "sexo": "macho", "fecha_nacimiento": "2018-10-13", "cliente": 4, "microchip": "", "foto": "mascotas/Mestizo_gl8HMlx.jpeg", "alergias_conocidas": "Ninguna", "alergias_tipo": "", "enfermedades_cronicas": "", "enfermedades_tipo": "", "esterilizado": "si", "fecha_esterilizacion": null, "peso_actual": "2.58", "medicacion_actual": "Suplementos vitamínicos", "comportamiento_consulta": "nervioso", "veterinario_habitual": "Dra. Rodríguez", "telefono_emergencia": "3012901237", "estado_vacunacion": "desconocido", "fecha_ultima_vacuna": "2024-11-04", "desparasitacion": "actualizado", "fecha_ultima_desparasitacion": null, "cirugias_previas": "", "fecha_ultima_cirugia": null, "tipo_alimentacion": "Concentrado", "frecuencia_alimentacion": "1 vez al día", "comportamiento": "Tímido", "permite_manejo": "Solo con el dueño", "cartilla_vacunacion": "", "observaciones_comportamiento": "", "caracteristicas": "Mascota gato de raza Mestizo", "color": "Atigrado", "fecha_registro": "2025-10-06T20:35:52.410Z"}}, {"model": "mascotas.mascota", "pk": 34, "fields": {"nombre": "Bella", "tipo": "perro", "raza": "Pastor Alemán", "sexo": "macho", "fecha_nacimiento": "2023-02-24", "cliente": 4, "microchip": "MX296515052150", "foto": "mascotas/Pastor_Alemán_xJEtI7K.jpeg", "alergias_conocidas": "Ninguna", "alergias_tipo": "Medicamentos", "enfermedades_cronicas": "", "enfermedades_tipo": "", "esterilizado": "no", "fecha_esterilizacion": null, "peso_actual": "26.59", "medicacion_actual": "", "comportamiento_consulta": "nervioso", "veterinario_habitual": "Dr. García", "telefono_emergencia": "3018488108", "estado_vacunacion": "desconocido", "fecha_ultima_vacuna": "2025-05-09", "desparasitacion": "desconocido", "fecha_ultima_desparasitacion": null, "cirugias_previas": "", "fecha_ultima_cirugia": null, "tipo_alimentacion": "Mixta", "frecuencia_alimentacion": "1 vez al día", "comportamiento": "Tímido", "permite_manejo": "Solo con el dueño", "cartilla_vacunacion": "", "observaciones_comportamiento": "", "caracteristicas": "Mascota perro de raza Pastor Alemán", "color": "Blanco", "fecha_registro": "2025-10-06T20:35:52.414Z"}}, {"model": "mascotas.mascota", "pk": 35, "fields": {"nombre": "Whiskers", "tipo": "gato", "raza": "Persa", "sexo": "hembra", "fecha_nacimiento": "2020-01-29", "cliente": 4, "microchip": "MX159726955805", "foto": "", "alergias_conocidas": "Ninguna", "alergias_tipo": "", "enfermedades_cronicas": "", "enfermedades_tipo": "", "esterilizado": "si", "fecha_esterilizacion": null, "peso_actual": "34.80", "medicacion_actual": "", "comportamiento_consulta": "asustadizo", "veterinario_habitual": "Dra. Rodríguez", "telefono_emergencia": "3016281580", "estado_vacunacion": "completo", "fecha_ultima_vacuna": "2025-06-04", "desparasitacion": "pendiente", "fecha_ultima_desparasitacion": "2025-04-27", "cirugias_previas": "", "fecha_ultima_cirugia": null, "tipo_alimentacion": "Mixta", "frecuencia_alimentacion": "3 veces al día", "comportamiento": "Tímido", "permite_manejo": "Solo con el dueño", "cartilla_vacunacion": "", "observaciones_comportamiento": "", "caracteristicas": "Mascota gato de raza Persa", "color": "Gris", "fecha_registro": "2025-10-06T20:35:52.418Z"}}, {"model": "mascotas.mascota", "pk": 36, "fields": {"nombre": "Simba", "tipo": "gato", "raza": "Esfinge", "sexo": "hembra", "fecha_nacimiento": "2020-01-08", "cliente": 4, "microchip": "MX583605072482", "foto": "", "alergias_conocidas": "Ninguna", "alergias_tipo": "", "enfermedades_cronicas": "", "enfermedades_tipo": "", "esterilizado": "no", "fecha_esterilizacion": null, "peso_actual": "31.05", "medicacion_actual": "Suplementos vitamínicos", "comportamiento_consulta": "asustadizo", "veterinario_habitual": "Dra. Rodríguez", "telefono_emergencia": "3018891674", "estado_vacunacion": "completo", "fecha_ultima_vacuna": null, "desparasitacion": "desconocido", "fecha_ultima_desparasitacion": "2025-06-14", "cirugias_previas": "", "fecha_ultima_cirugia": null, "tipo_alimentacion": "Mixta", "frecuencia_alimentacion": "2 veces al día", "comportamiento": "Activo", "permite_manejo": "Sí, sin problemas", "cartilla_vacunacion": "", "observaciones_comportamiento": "", "caracteristicas": "Mascota gato de raza Esfinge", "color": "Atigrado", "fecha_registro": "2025-10-06T20:35:52.421Z"}}, {"model": "mascotas.mascota", "pk": 37, "fields": {"nombre": "Bruno", "tipo": "perro", "raza": "Pastor Alemán", "sexo": "macho", "fecha_nacimiento": "2011-09-25", "cliente": 4, "microchip": "MX717275779612", "foto": "mascotas/Pastor_Alemán_odqrIN1.jpeg", "alergias_conocidas": "Ninguna", "alergias_tipo": "", "enfermedades_cronicas": "", "enfermedades_tipo": "", "esterilizado": "no", "fecha_esterilizacion": null, "peso_actual": "6.82", "medicacion_actual": "", "comportamiento_consulta": "nervioso", "veterinario_habitual": "Dra. Rodríguez", "telefono_emergencia": "3016447006", "estado_vacunacion": "parcial", "fecha_ultima_vacuna": "2025-06-04", "desparasitacion": "desconocido", "fecha_ultima_desparasitacion": "2025-08-10", "cirugias_previas": "", "fecha_ultima_cirugia": null, "tipo_alimentacion": "Mixta", "frecuencia_alimentacion": "2 veces al día", "comportamiento": "Tímido", "permite_manejo": "Con precaución", "cartilla_vacunacion": "", "observaciones_comportamiento": "", "caracteristicas": "Mascota perro de raza Pastor Alemán", "color": "Blanco", "fecha_registro": "2025-10-06T20:35:52.425Z"}}, {"model": "mascotas.mascota", "pk": 38, "fields": {"nombre": "Tiger", "tipo": "gato", "raza": "Común Europeo", "sexo": "hembra", "fecha_nacimiento": "2024-09-18", "cliente": 4, "microchip": "MX779775691308", "foto": "", "alergias_conocidas": "Ninguna", "alergias_tipo": "", "enfermedades_cronicas": "", "enfermedades_tipo": "", "esterilizado": "si", "fecha_esterilizacion": null, "peso_actual": "17.09", "medicacion_actual": "", "comportamiento_consulta": "tranquilo", "veterinario_habitual": "Dr. García", "telefono_emergencia": "3017893739", "estado_vacunacion": "parcial", "fecha_ultima_vacuna": "2025-07-09", "desparasitacion": "pendiente", "fecha_ultima_desparasitacion": "2025-08-29", "cirugias_previas": "", "fecha_ultima_cirugia": null, "tipo_alimentacion": "Casera", "frecuencia_alimentacion": "3 veces al día", "comportamiento": "Activo", "permite_manejo": "Solo con el dueño", "cartilla_vacunacion": "", "observaciones_comportamiento": "", "caracteristicas": "Mascota gato de raza Común Europeo", "color": "Moteado", "fecha_registro": "2025-10-06T20:35:52.428Z"}}, {"model": "mascotas.mascota", "pk": 39, "fields": {"nombre": "Shadow", "tipo": "gato", "raza": "Persa", "sexo": "macho", "fecha_nacimiento": "2020-09-28", "cliente": 4, "microchip": "MX700512628313", "foto": "", "alergias_conocidas": "Ninguna", "alergias_tipo": "", "enfermedades_cronicas": "", "enfermedades_tipo": "", "esterilizado": "no", "fecha_esterilizacion": null, "peso_actual": "19.24", "medicacion_actual": "", "comportamiento_consulta": "tranquilo", "veterinario_habitual": "Dr. García", "telefono_emergencia": "3013510969", "estado_vacunacion": "completo", "fecha_ultima_vacuna": null, "desparasitacion": "actualizado", "fecha_ultima_desparasitacion": "2025-07-12", "cirugias_previas": "", "fecha_ultima_cirugia": null, "tipo_alimentacion": "Casera", "frecuencia_alimentacion": "3 veces al día", "comportamiento": "Activo", "permite_manejo": "Sí, sin problemas", "cartilla_vacunacion": "", "observaciones_comportamiento": "", "caracteristicas": "Mascota gato de raza Persa", "color": "Negro", "fecha_registro": "2025-10-06T20:35:52.432Z"}}, {"model": "mascotas.mascota", "pk": 40, "fields": {"nombre": "Luna", "tipo": "gato", "raza": "Ragdoll", "sexo": "macho", "fecha_nacimiento": "2025-03-29", "cliente": 4, "microchip": "MX682417132671", "foto": "", "alergias_conocidas": "Ninguna", "alergias_tipo": "Alimentaria", "enfermedades_cronicas": "", "enfermedades_tipo": "", "esterilizado": "si", "fecha_esterilizacion": null, "peso_actual": "10.56", "medicacion_actual": "", "comportamiento_consulta": "tranquilo", "veterinario_habitual": "Dra. Rodríguez", "telefono_emergencia": "3015673836", "estado_vacunacion": "completo", "fecha_ultima_vacuna": "2024-12-02", "desparasitacion": "pendiente", "fecha_ultima_desparasitacion": null, "cirugias_previas": "", "fecha_ultima_cirugia": null, "tipo_alimentacion": "Mixta", "frecuencia_alimentacion": "2 veces al día", "comportamiento": "Activo", "permite_manejo": "Solo con el dueño", "cartilla_vacunacion": "", "observaciones_comportamiento": "", "caracteristicas": "Mascota gato de raza Ragdoll", "color": "Gris", "fecha_registro": "2025-10-06T20:35:52.435Z"}}, {"model": "mascotas.mascota", "pk": 41, "fields": {"nombre": "Max", "tipo": "perro", "raza": "Chihuahua", "sexo": "hembra", "fecha_nacimiento": "2020-10-16", "cliente": 5, "microchip": "MX223212709635", "foto": "", "alergias_conocidas": "Ninguna", "alergias_tipo": "Ambiental", "enfermedades_cronicas": "", "enfermedades_tipo": "", "esterilizado": "no", "fecha_esterilizacion": null, "peso_actual": "16.94", "medicacion_actual": "", "comportamiento_consulta": "asustadizo", "veterinario_habitual": "Dr. García", "telefono_emergencia": "3014842048", "estado_vacunacion": "desconocido", "fecha_ultima_vacuna": null, "desparasitacion": "pendiente", "fecha_ultima_desparasitacion": "2025-06-05", "cirugias_previas": "Esterilización", "fecha_ultima_cirugia": null, "tipo_alimentacion": "Concentrado", "frecuencia_alimentacion": "1 vez al día", "comportamiento": "Tranquilo", "permite_manejo": "Sí, sin problemas", "cartilla_vacunacion": "", "observaciones_comportamiento": "", "caracteristicas": "Mascota perro de raza Chihuahua", "color": "Gris", "fecha_registro": "2025-10-06T20:35:52.439Z"}}, {"model": "mascotas.mascota", "pk": 42, "fields": {"nombre": "Garfield", "tipo": "gato", "raza": "Esfinge", "sexo": "hembra", "fecha_nacimiento": "2010-11-25", "cliente": 5, "microchip": "", "foto": "mascotas/Esfinge.jpeg", "alergias_conocidas": "Polen", "alergias_tipo": "Medicamentos", "enfermedades_cronicas": "", "enfermedades_tipo": "", "esterilizado": "si", "fecha_esterilizacion": null, "peso_actual": "25.59", "medicacion_actual": "", "comportamiento_consulta": "tranquilo", "veterinario_habitual": "Dra. Rodríguez", "telefono_emergencia": "3015035847", "estado_vacunacion": "parcial", "fecha_ultima_vacuna": null, "desparasitacion": "actualizado", "fecha_ultima_desparasitacion": "2025-06-17", "cirugias_previas": "", "fecha_ultima_cirugia": null, "tipo_alimentacion": "Casera", "frecuencia_alimentacion": "2 veces al día", "comportamiento": "Juguetón", "permite_manejo": "Solo con el dueño", "cartilla_vacunacion": "", "observaciones_comportamiento": "", "caracteristicas": "Mascota gato de raza Esfinge", "color": "Dorado", "fecha_registro": "2025-10-06T20:35:52.443Z"}}, {"model": "mascotas.mascota", "pk": 43, "fields": {"nombre": "Salem", "tipo": "gato", "raza": "Maine Coon", "sexo": "macho", "fecha_nacimiento": "2022-11-11", "cliente": 5, "microchip": "MX488782602675", "foto": "", "alergias_conocidas": "Polvo", "alergias_tipo": "", "enfermedades_cronicas": "", "enfermedades_tipo": "", "esterilizado": "no", "fecha_esterilizacion": null, "peso_actual": "8.29", "medicacion_actual": "", "comportamiento_consulta": "asustadizo", "veterinario_habitual": "Dr. García", "telefono_emergencia": "3011374786", "estado_vacunacion": "desconocido", "fecha_ultima_vacuna": "2025-05-12", "desparasitacion": "pendiente", "fecha_ultima_desparasitacion": "2025-06-30", "cirugias_previas": "", "fecha_ultima_cirugia": null, "tipo_alimentacion": "Mixta", "frecuencia_alimentacion": "2 veces al día", "comportamiento": "Juguetón", "permite_manejo": "Con precaución", "cartilla_vacunacion": "", "observaciones_comportamiento": "", "caracteristicas": "Mascota gato de raza Maine Coon", "color": "Gris", "fecha_registro": "2025-10-06T20:35:52.447Z"}}, {"model": "mascotas.mascota", "pk": 44, "fields": {"nombre": "Felix", "tipo": "gato", "raza": "Mestizo", "sexo": "macho", "fecha_nacimiento": "2021-10-09", "cliente": 5, "microchip": "", "foto": "mascotas/Mestizo_WyqFRgt.jpeg", "alergias_conocidas": "Ninguna", "alergias_tipo": "Ambiental", "enfermedades_cronicas": "", "enfermedades_tipo": "", "esterilizado": "desconocido", "fecha_esterilizacion": null, "peso_actual": "11.58", "medicacion_actual": "", "comportamiento_consulta": "nervioso", "veterinario_habitual": "Dr. García", "telefono_emergencia": "3012773356", "estado_vacunacion": "parcial", "fecha_ultima_vacuna": "2025-04-01", "desparasitacion": "actualizado", "fecha_ultima_desparasitacion": "2025-05-23", "cirugias_previas": "Esterilización", "fecha_ultima_cirugia": null, "tipo_alimentacion": "BARF", "frecuencia_alimentacion": "1 vez al día", "comportamiento": "Juguetón", "permite_manejo": "Sí, sin problemas", "cartilla_vacunacion": "", "observaciones_comportamiento": "", "caracteristicas": "Mascota gato de raza Mestizo", "color": "Tricolor", "fecha_registro": "2025-10-06T20:35:52.450Z"}}, {"model": "mascotas.mascota", "pk": 45, "fields": {"nombre": "Whiskers", "tipo": "gato", "raza": "Siamés", "sexo": "macho", "fecha_nacimiento": "2025-05-13", "cliente": 5, "microchip": "MX800385281860", "foto": "", "alergias_conocidas": "Ninguna", "alergias_tipo": "", "enfermedades_cronicas": "Problemas cardíacos", "enfermedades_tipo": "", "esterilizado": "no", "fecha_esterilizacion": null, "peso_actual": "26.53", "medicacion_actual": "", "comportamiento_consulta": "tranquilo", "veterinario_habitual": "Dra. Rodríguez", "telefono_emergencia": "3011140485", "estado_vacunacion": "desconocido", "fecha_ultima_vacuna": "2025-08-04", "desparasitacion": "pendiente", "fecha_ultima_desparasitacion": null, "cirugias_previas": "Fractura", "fecha_ultima_cirugia": null, "tipo_alimentacion": "Casera", "frecuencia_alimentacion": "2 veces al día", "comportamiento": "Activo", "permite_manejo": "Solo con el dueño", "cartilla_vacunacion": "", "observaciones_comportamiento": "", "caracteristicas": "Mascota gato de raza Siamés", "color": "Gris", "fecha_registro": "2025-10-06T20:35:52.454Z"}}, {"model": "mascotas.mascota", "pk": 46, "fields": {"nombre": "Simba", "tipo": "gato", "raza": "Ragdoll", "sexo": "macho", "fecha_nacimiento": "2019-08-02", "cliente": 5, "microchip": "MX615501547183", "foto": "", "alergias_conocidas": "Ninguna", "alergias_tipo": "", "enfermedades_cronicas": "", "enfermedades_tipo": "", "esterilizado": "no", "fecha_esterilizacion": null, "peso_actual": "2.69", "medicacion_actual": "", "comportamiento_consulta": "asustadizo", "veterinario_habitual": "Dra. Rodríguez", "telefono_emergencia": "3012678832", "estado_vacunacion": "parcial", "fecha_ultima_vacuna": "2025-08-26", "desparasitacion": "actualizado", "fecha_ultima_desparasitacion": null, "cirugias_previas": "", "fecha_ultima_cirugia": null, "tipo_alimentacion": "BARF", "frecuencia_alimentacion": "3 veces al día", "comportamiento": "Activo", "permite_manejo": "Con precaución", "cartilla_vacunacion": "", "observaciones_comportamiento": "", "caracteristicas": "Mascota gato de raza Ragdoll", "color": "Gris", "fecha_registro": "2025-10-06T20:35:52.458Z"}}, {"model": "mascotas.mascota", "pk": 47, "fields": {"nombre": "Bruno", "tipo": "perro", "raza": "Husky", "sexo": "hembra", "fecha_nacimiento": "2023-04-23", "cliente": 5, "microchip": "MX528698342346", "foto": "mascotas/Husky_dsyg4pl.webp", "alergias_conocidas": "Ninguna", "alergias_tipo": "", "enfermedades_cronicas": "", "enfermedades_tipo": "", "esterilizado": "no", "fecha_esterilizacion": null, "peso_actual": "4.38", "medicacion_actual": "", "comportamiento_consulta": "asustadizo", "veterinario_habitual": "Dr. García", "telefono_emergencia": "3014468455", "estado_vacunacion": "completo", "fecha_ultima_vacuna": "2025-04-13", "desparasitacion": "actualizado", "fecha_ultima_desparasitacion": "2025-06-15", "cirugias_previas": "", "fecha_ultima_cirugia": null, "tipo_alimentacion": "Casera", "frecuencia_alimentacion": "2 veces al día", "comportamiento": "Juguetón", "permite_manejo": "Con precaución", "cartilla_vacunacion": "", "observaciones_comportamiento": "", "caracteristicas": "Mascota perro de raza Husky", "color": "Dorado", "fecha_registro": "2025-10-06T20:35:52.461Z"}}, {"model": "mascotas.mascota", "pk": 48, "fields": {"nombre": "Tiger", "tipo": "gato", "raza": "Esfinge", "sexo": "hembra", "fecha_nacimiento": "2019-11-27", "cliente": 5, "microchip": "MX623340924149", "foto": "", "alergias_conocidas": "Ninguna", "alergias_tipo": "", "enfermedades_cronicas": "", "enfermedades_tipo": "", "esterilizado": "si", "fecha_esterilizacion": null, "peso_actual": "26.46", "medicacion_actual": "", "comportamiento_consulta": "nervioso", "veterinario_habitual": "Dra. Rodríguez", "telefono_emergencia": "3013539345", "estado_vacunacion": "desconocido", "fecha_ultima_vacuna": "2025-04-27", "desparasitacion": "actualizado", "fecha_ultima_desparasitacion": "2025-05-23", "cirugias_previas": "Tumor", "fecha_ultima_cirugia": null, "tipo_alimentacion": "Casera", "frecuencia_alimentacion": "2 veces al día", "comportamiento": "Tímido", "permite_manejo": "Sí, sin problemas", "cartilla_vacunacion": "", "observaciones_comportamiento": "", "caracteristicas": "Mascota gato de raza Esfinge", "color": "Tricolor", "fecha_registro": "2025-10-06T20:35:52.465Z"}}, {"model": "mascotas.mascota", "pk": 49, "fields": {"nombre": "Toby", "tipo": "perro", "raza": "Pitbull", "sexo": "hembra", "fecha_nacimiento": "2021-11-17", "cliente": 5, "microchip": "MX757237343974", "foto": "", "alergias_conocidas": "Ninguna", "alergias_tipo": "", "enfermedades_cronicas": "", "enfermedades_tipo": "", "esterilizado": "no", "fecha_esterilizacion": null, "peso_actual": "26.36", "medicacion_actual": "", "comportamiento_consulta": "asustadizo", "veterinario_habitual": "Dra. Rodríguez", "telefono_emergencia": "3018387258", "estado_vacunacion": "parcial", "fecha_ultima_vacuna": "2025-08-03", "desparasitacion": "actualizado", "fecha_ultima_desparasitacion": "2025-05-13", "cirugias_previas": "", "fecha_ultima_cirugia": null, "tipo_alimentacion": "Casera", "frecuencia_alimentacion": "2 veces al día", "comportamiento": "Tímido", "permite_manejo": "Con precaución", "cartilla_vacunacion": "", "observaciones_comportamiento": "", "caracteristicas": "Mascota perro de raza Pitbull", "color": "Tricolor", "fecha_registro": "2025-10-06T20:35:52.469Z"}}, {"model": "mascotas.mascota", "pk": 50, "fields": {"nombre": "Luna", "tipo": "gato", "raza": "Común Europeo", "sexo": "macho", "fecha_nacimiento": "2021-03-26", "cliente": 5, "microchip": "MX801224651290", "foto": "", "alergias_conocidas": "Ninguna", "alergias_tipo": "", "enfermedades_cronicas": "", "enfermedades_tipo": "", "esterilizado": "si", "fecha_esterilizacion": null, "peso_actual": "15.43", "medicacion_actual": "", "comportamiento_consulta": "tranquilo", "veterinario_habitual": "Dra. Rodríguez", "telefono_emergencia": "3012108985", "estado_vacunacion": "desconocido", "fecha_ultima_vacuna": "2025-03-24", "desparasitacion": "desconocido", "fecha_ultima_desparasitacion": "2025-08-17", "cirugias_previas": "", "fecha_ultima_cirugia": null, "tipo_alimentacion": "BARF", "frecuencia_alimentacion": "2 veces al día", "comportamiento": "Activo", "permite_manejo": "Sí, sin problemas", "cartilla_vacunacion": "", "observaciones_comportamiento": "", "caracteristicas": "Mascota gato de raza Común Europeo", "color": "Gris", "fecha_registro": "2025-10-06T20:35:52.472Z"}}, {"model": "mascotas.mascota", "pk": 51, "fields": {"nombre": "Max", "tipo": "perro", "raza": "Poodle", "sexo": "hembra", "fecha_nacimiento": "2012-11-04", "cliente": 6, "microchip": "MX590934616445", "foto": "", "alergias_conocidas": "Ninguna", "alergias_tipo": "Ambiental", "enfermedades_cronicas": "", "enfermedades_tipo": "", "esterilizado": "no", "fecha_esterilizacion": null, "peso_actual": "32.17", "medicacion_actual": "", "comportamiento_consulta": "nervioso", "veterinario_habitual": "Dra. Rodríguez", "telefono_emergencia": "3018151707", "estado_vacunacion": "parcial", "fecha_ultima_vacuna": null, "desparasitacion": "desconocido", "fecha_ultima_desparasitacion": "2025-06-01", "cirugias_previas": "", "fecha_ultima_cirugia": null, "tipo_alimentacion": "Concentrado", "frecuencia_alimentacion": "2 veces al día", "comportamiento": "Tímido", "permite_manejo": "Solo con el dueño", "cartilla_vacunacion": "", "observaciones_comportamiento": "", "caracteristicas": "Mascota perro de raza Poodle", "color": "Atigrado", "fecha_registro": "2025-10-06T20:35:52.476Z"}}, {"model": "mascotas.mascota", "pk": 52, "fields": {"nombre": "Luna", "tipo": "perro", "raza": "Labrador", "sexo": "macho", "fecha_nacimiento": "2014-01-01", "cliente": 6, "microchip": "MX866934356149", "foto": "", "alergias_conocidas": "Ninguna", "alergias_tipo": "", "enfermedades_cronicas": "", "enfermedades_tipo": "", "esterilizado": "si", "fecha_esterilizacion": null, "peso_actual": "29.87", "medicacion_actual": "", "comportamiento_consulta": "nervioso", "veterinario_habitual": "Dr. García", "telefono_emergencia": "3011177585", "estado_vacunacion": "desconocido", "fecha_ultima_vacuna": "2025-06-01", "desparasitacion": "pendiente", "fecha_ultima_desparasitacion": "2025-07-16", "cirugias_previas": "", "fecha_ultima_cirugia": null, "tipo_alimentacion": "BARF", "frecuencia_alimentacion": "3 veces al día", "comportamiento": "Activo", "permite_manejo": "Solo con el dueño", "cartilla_vacunacion": "", "observaciones_comportamiento": "", "caracteristicas": "Mascota perro de raza Labrador", "color": "Blanco", "fecha_registro": "2025-10-06T20:35:52.479Z"}}, {"model": "mascotas.mascota", "pk": 53, "fields": {"nombre": "Salem", "tipo": "gato", "raza": "Angora", "sexo": "hembra", "fecha_nacimiento": "2025-06-22", "cliente": 6, "microchip": "MX530303592348", "foto": "", "alergias_conocidas": "Ciertos alimentos", "alergias_tipo": "", "enfermedades_cronicas": "", "enfermedades_tipo": "", "esterilizado": "no", "fecha_esterilizacion": null, "peso_actual": "29.38", "medicacion_actual": "", "comportamiento_consulta": "tranquilo", "veterinario_habitual": "Dr. García", "telefono_emergencia": "3014135496", "estado_vacunacion": "completo", "fecha_ultima_vacuna": "2024-10-28", "desparasitacion": "pendiente", "fecha_ultima_desparasitacion": null, "cirugias_previas": "", "fecha_ultima_cirugia": null, "tipo_alimentacion": "Concentrado", "frecuencia_alimentacion": "2 veces al día", "comportamiento": "Tranquilo", "permite_manejo": "Con precaución", "cartilla_vacunacion": "", "observaciones_comportamiento": "", "caracteristicas": "Mascota gato de raza Angora", "color": "Moteado", "fecha_registro": "2025-10-06T20:35:52.483Z"}}, {"model": "mascotas.mascota", "pk": 54, "fields": {"nombre": "Felix", "tipo": "gato", "raza": "Angora", "sexo": "hembra", "fecha_nacimiento": "2011-07-08", "cliente": 6, "microchip": "", "foto": "", "alergias_conocidas": "Ninguna", "alergias_tipo": "", "enfermedades_cronicas": "", "enfermedades_tipo": "", "esterilizado": "desconocido", "fecha_esterilizacion": null, "peso_actual": "4.25", "medicacion_actual": "", "comportamiento_consulta": "nervioso", "veterinario_habitual": "Dr. García", "telefono_emergencia": "3019822709", "estado_vacunacion": "desconocido", "fecha_ultima_vacuna": "2025-04-13", "desparasitacion": "pendiente", "fecha_ultima_desparasitacion": "2025-05-08", "cirugias_previas": "", "fecha_ultima_cirugia": null, "tipo_alimentacion": "Concentrado", "frecuencia_alimentacion": "2 veces al día", "comportamiento": "Juguetón", "permite_manejo": "Solo con el dueño", "cartilla_vacunacion": "", "observaciones_comportamiento": "", "caracteristicas": "Mascota gato de raza Angora", "color": "Dorado", "fecha_registro": "2025-10-06T20:35:52.487Z"}}, {"model": "mascotas.mascota", "pk": 55, "fields": {"nombre": "Zeus", "tipo": "perro", "raza": "Husky", "sexo": "hembra", "fecha_nacimiento": "2018-07-03", "cliente": 6, "microchip": "MX874919293965", "foto": "mascotas/Husky_zsoJC37.webp", "alergias_conocidas": "Polvo", "alergias_tipo": "Ambiental", "enfermedades_cronicas": "", "enfermedades_tipo": "", "esterilizado": "desconocido", "fecha_esterilizacion": null, "peso_actual": "33.23", "medicacion_actual": "", "comportamiento_consulta": "nervioso", "veterinario_habitual": "Dr. García", "telefono_emergencia": "3019088026", "estado_vacunacion": "parcial", "fecha_ultima_vacuna": "2025-01-20", "desparasitacion": "desconocido", "fecha_ultima_desparasitacion": "2025-09-06", "cirugias_previas": "", "fecha_ultima_cirugia": null, "tipo_alimentacion": "BARF", "frecuencia_alimentacion": "1 vez al día", "comportamiento": "Tranquilo", "permite_manejo": "Sí, sin problemas", "cartilla_vacunacion": "", "observaciones_comportamiento": "", "caracteristicas": "Mascota perro de raza Husky", "color": "Moteado", "fecha_registro": "2025-10-06T20:35:52.491Z"}}, {"model": "mascotas.mascota", "pk": 56, "fields": {"nombre": "Simba", "tipo": "gato", "raza": "Esfinge", "sexo": "macho", "fecha_nacimiento": "2018-02-19", "cliente": 6, "microchip": "MX131221478183", "foto": "", "alergias_conocidas": "Ninguna", "alergias_tipo": "", "enfermedades_cronicas": "Artritis", "enfermedades_tipo": "", "esterilizado": "si", "fecha_esterilizacion": null, "peso_actual": "15.72", "medicacion_actual": "", "comportamiento_consulta": "tranquilo", "veterinario_habitual": "Dra. Rodríguez", "telefono_emergencia": "3013489394", "estado_vacunacion": "desconocido", "fecha_ultima_vacuna": "2025-09-04", "desparasitacion": "actualizado", "fecha_ultima_desparasitacion": null, "cirugias_previas": "", "fecha_ultima_cirugia": null, "tipo_alimentacion": "Concentrado", "frecuencia_alimentacion": "2 veces al día", "comportamiento": "Activo", "permite_manejo": "Sí, sin problemas", "cartilla_vacunacion": "", "observaciones_comportamiento": "", "caracteristicas": "Mascota gato de raza Esfinge", "color": "Dorado", "fecha_registro": "2025-10-06T20:35:52.494Z"}}, {"model": "mascotas.mascota", "pk": 57, "fields": {"nombre": "Nala", "tipo": "gato", "raza": "Mestizo", "sexo": "macho", "fecha_nacimiento": "2017-01-21", "cliente": 6, "microchip": "MX893651628461", "foto": "mascotas/Mestizo_6laLsYB.jpeg", "alergias_conocidas": "Ninguna", "alergias_tipo": "", "enfermedades_cronicas": "", "enfermedades_tipo": "", "esterilizado": "desconocido", "fecha_esterilizacion": null, "peso_actual": "8.36", "medicacion_actual": "Suplementos vitamínicos", "comportamiento_consulta": "tranquilo", "veterinario_habitual": "Dra. Rodríguez", "telefono_emergencia": "3017327003", "estado_vacunacion": "parcial", "fecha_ultima_vacuna": "2025-07-31", "desparasitacion": "desconocido", "fecha_ultima_desparasitacion": "2025-05-24", "cirugias_previas": "", "fecha_ultima_cirugia": null, "tipo_alimentacion": "Mixta", "frecuencia_alimentacion": "2 veces al día", "comportamiento": "Tranquilo", "permite_manejo": "Solo con el dueño", "cartilla_vacunacion": "", "observaciones_comportamiento": "", "caracteristicas": "Mascota gato de raza Mestizo", "color": "Tricolor", "fecha_registro": "2025-10-06T20:35:52.498Z"}}, {"model": "mascotas.mascota", "pk": 58, "fields": {"nombre": "Coco", "tipo": "perro", "raza": "Mestizo", "sexo": "macho", "fecha_nacimiento": "2015-06-22", "cliente": 6, "microchip": "MX317101671281", "foto": "mascotas/Mestizo_vqv3sGJ.jpeg", "alergias_conocidas": "Ninguna", "alergias_tipo": "", "enfermedades_cronicas": "", "enfermedades_tipo": "", "esterilizado": "desconocido", "fecha_esterilizacion": null, "peso_actual": "5.88", "medicacion_actual": "", "comportamiento_consulta": "nervioso", "veterinario_habitual": "Dra. Rodríguez", "telefono_emergencia": "3011586547", "estado_vacunacion": "desconocido", "fecha_ultima_vacuna": "2025-03-21", "desparasitacion": "actualizado", "fecha_ultima_desparasitacion": null, "cirugias_previas": "", "fecha_ultima_cirugia": null, "tipo_alimentacion": "Concentrado", "frecuencia_alimentacion": "1 vez al día", "comportamiento": "Juguetón", "permite_manejo": "Solo con el dueño", "cartilla_vacunacion": "", "observaciones_comportamiento": "", "caracteristicas": "Mascota perro de raza Mestizo", "color": "Blanco", "fecha_registro": "2025-10-06T20:35:52.502Z"}}, {"model": "mascotas.mascota", "pk": 59, "fields": {"nombre": "Shadow", "tipo": "gato", "raza": "Mestizo", "sexo": "hembra", "fecha_nacimiento": "2025-03-01", "cliente": 6, "microchip": "MX435080843396", "foto": "mascotas/Mestizo_4sJ4uaH.jpeg", "alergias_conocidas": "Ninguna", "alergias_tipo": "", "enfermedades_cronicas": "", "enfermedades_tipo": "", "esterilizado": "desconocido", "fecha_esterilizacion": null, "peso_actual": "18.34", "medicacion_actual": "", "comportamiento_consulta": "tranquilo", "veterinario_habitual": "Dr. García", "telefono_emergencia": "3017180387", "estado_vacunacion": "desconocido", "fecha_ultima_vacuna": "2025-09-03", "desparasitacion": "actualizado", "fecha_ultima_desparasitacion": "2025-05-01", "cirugias_previas": "", "fecha_ultima_cirugia": null, "tipo_alimentacion": "Casera", "frecuencia_alimentacion": "3 veces al día", "comportamiento": "Juguetón", "permite_manejo": "Solo con el dueño", "cartilla_vacunacion": "", "observaciones_comportamiento": "", "caracteristicas": "Mascota gato de raza Mestizo", "color": "Dorado", "fecha_registro": "2025-10-06T20:35:52.508Z"}}, {"model": "mascotas.mascota", "pk": 60, "fields": {"nombre": "Mia", "tipo": "perro", "raza": "Pastor Alemán", "sexo": "macho", "fecha_nacimiento": "2021-05-07", "cliente": 6, "microchip": "MX651996590965", "foto": "mascotas/Pastor_Alemán_vGjcLXR.jpeg", "alergias_conocidas": "Polvo", "alergias_tipo": "Alimentaria", "enfermedades_cronicas": "", "enfermedades_tipo": "", "esterilizado": "si", "fecha_esterilizacion": null, "peso_actual": "29.29", "medicacion_actual": "Suplementos vitamínicos", "comportamiento_consulta": "asustadizo", "veterinario_habitual": "Dr. García", "telefono_emergencia": "3018948918", "estado_vacunacion": "desconocido", "fecha_ultima_vacuna": "2025-03-02", "desparasitacion": "desconocido", "fecha_ultima_desparasitacion": "2025-06-02", "cirugias_previas": "", "fecha_ultima_cirugia": null, "tipo_alimentacion": "BARF", "frecuencia_alimentacion": "1 vez al día", "comportamiento": "Juguetón", "permite_manejo": "Con precaución", "cartilla_vacunacion": "", "observaciones_comportamiento": "", "caracteristicas": "Mascota perro de raza Pastor Alemán", "color": "Café", "fecha_registro": "2025-10-06T20:35:52.512Z"}}, {"model": "mascotas.mascota", "pk": 61, "fields": {"nombre": "Michi", "tipo": "gato", "raza": "Angora", "sexo": "macho", "fecha_nacimiento": "2019-02-11", "cliente": 7, "microchip": "MX445963428688", "foto": "", "alergias_conocidas": "Ninguna", "alergias_tipo": "", "enfermedades_cronicas": "Artritis", "enfermedades_tipo": "", "esterilizado": "desconocido", "fecha_esterilizacion": null, "peso_actual": "14.35", "medicacion_actual": "", "comportamiento_consulta": "asustadizo", "veterinario_habitual": "Dra. Rodríguez", "telefono_emergencia": "3014781019", "estado_vacunacion": "completo", "fecha_ultima_vacuna": null, "desparasitacion": "actualizado", "fecha_ultima_desparasitacion": null, "cirugias_previas": "", "fecha_ultima_cirugia": null, "tipo_alimentacion": "Concentrado", "frecuencia_alimentacion": "1 vez al día", "comportamiento": "Juguetón", "permite_manejo": "Con precaución", "cartilla_vacunacion": "", "observaciones_comportamiento": "", "caracteristicas": "Mascota gato de raza Angora", "color": "Blanco", "fecha_registro": "2025-10-06T20:35:52.515Z"}}, {"model": "mascotas.mascota", "pk": 62, "fields": {"nombre": "Luna", "tipo": "perro", "raza": "Beagle", "sexo": "macho", "fecha_nacimiento": "2016-01-08", "cliente": 7, "microchip": "MX905198511673", "foto": "mascotas/Beagle_LVxujTu.jpeg", "alergias_conocidas": "Ninguna", "alergias_tipo": "", "enfermedades_cronicas": "", "enfermedades_tipo": "", "esterilizado": "desconocido", "fecha_esterilizacion": null, "peso_actual": "2.80", "medicacion_actual": "", "comportamiento_consulta": "nervioso", "veterinario_habitual": "Dr. García", "telefono_emergencia": "3014755517", "estado_vacunacion": "parcial", "fecha_ultima_vacuna": null, "desparasitacion": "actualizado", "fecha_ultima_desparasitacion": null, "cirugias_previas": "", "fecha_ultima_cirugia": null, "tipo_alimentacion": "Casera", "frecuencia_alimentacion": "2 veces al día", "comportamiento": "Juguetón", "permite_manejo": "Sí, sin problemas", "cartilla_vacunacion": "", "observaciones_comportamiento": "", "caracteristicas": "Mascota perro de raza Beagle", "color": "Atigrado", "fecha_registro": "2025-10-06T20:35:52.519Z"}}, {"model": "mascotas.mascota", "pk": 63, "fields": {"nombre": "Rocky", "tipo": "perro", "raza": "Husky", "sexo": "hembra", "fecha_nacimiento": "2013-02-01", "cliente": 7, "microchip": "", "foto": "mascotas/Husky_qgCUu4w.webp", "alergias_conocidas": "Ninguna", "alergias_tipo": "", "enfermedades_cronicas": "", "enfermedades_tipo": "", "esterilizado": "si", "fecha_esterilizacion": null, "peso_actual": "3.68", "medicacion_actual": "", "comportamiento_consulta": "nervioso", "veterinario_habitual": "Dr. García", "telefono_emergencia": "3019146449", "estado_vacunacion": "parcial", "fecha_ultima_vacuna": null, "desparasitacion": "actualizado", "fecha_ultima_desparasitacion": null, "cirugias_previas": "Fractura", "fecha_ultima_cirugia": null, "tipo_alimentacion": "BARF", "frecuencia_alimentacion": "3 veces al día", "comportamiento": "Juguetón", "permite_manejo": "Sí, sin problemas", "cartilla_vacunacion": "", "observaciones_comportamiento": "", "caracteristicas": "Mascota perro de raza Husky", "color": "Tricolor", "fecha_registro": "2025-10-06T20:35:52.523Z"}}, {"model": "mascotas.mascota", "pk": 64, "fields": {"nombre": "Bella", "tipo": "perro", "raza": "Husky", "sexo": "macho", "fecha_nacimiento": "2019-10-18", "cliente": 7, "microchip": "", "foto": "mascotas/Husky.webp", "alergias_conocidas": "Polvo", "alergias_tipo": "Medicamentos", "enfermedades_cronicas": "Problemas cardíacos", "enfermedades_tipo": "", "esterilizado": "si", "fecha_esterilizacion": null, "peso_actual": "16.69", "medicacion_actual": "", "comportamiento_consulta": "nervioso", "veterinario_habitual": "Dr. García", "telefono_emergencia": "3012333819", "estado_vacunacion": "completo", "fecha_ultima_vacuna": null, "desparasitacion": "pendiente", "fecha_ultima_desparasitacion": "2025-06-06", "cirugias_previas": "", "fecha_ultima_cirugia": null, "tipo_alimentacion": "Concentrado", "frecuencia_alimentacion": "2 veces al día", "comportamiento": "Tranquilo", "permite_manejo": "Solo con el dueño", "cartilla_vacunacion": "", "observaciones_comportamiento": "", "caracteristicas": "Mascota perro de raza Husky", "color": "Atigrado", "fecha_registro": "2025-10-06T20:35:52.527Z"}}, {"model": "mascotas.mascota", "pk": 65, "fields": {"nombre": "Whiskers", "tipo": "gato", "raza": "Británico", "sexo": "macho", "fecha_nacimiento": "2022-11-21", "cliente": 7, "microchip": "MX597297325022", "foto": "", "alergias_conocidas": "Ninguna", "alergias_tipo": "", "enfermedades_cronicas": "", "enfermedades_tipo": "", "esterilizado": "desconocido", "fecha_esterilizacion": null, "peso_actual": "8.23", "medicacion_actual": "", "comportamiento_consulta": "nervioso", "veterinario_habitual": "Dra. Rodríguez", "telefono_emergencia": "3012760890", "estado_vacunacion": "parcial", "fecha_ultima_vacuna": "2025-01-20", "desparasitacion": "desconocido", "fecha_ultima_desparasitacion": null, "cirugias_previas": "", "fecha_ultima_cirugia": null, "tipo_alimentacion": "Concentrado", "frecuencia_alimentacion": "2 veces al día", "comportamiento": "Juguetón", "permite_manejo": "Con precaución", "cartilla_vacunacion": "", "observaciones_comportamiento": "", "caracteristicas": "Mascota gato de raza Británico", "color": "Gris", "fecha_registro": "2025-10-06T20:35:52.532Z"}}, {"model": "mascotas.mascota", "pk": 66, "fields": {"nombre": "Simba", "tipo": "gato", "raza": "Bengalí", "sexo": "macho", "fecha_nacimiento": "2016-06-09", "cliente": 7, "microchip": "MX443875455919", "foto": "", "alergias_conocidas": "Ninguna", "alergias_tipo": "", "enfermedades_cronicas": "", "enfermedades_tipo": "", "esterilizado": "desconocido", "fecha_esterilizacion": null, "peso_actual": "10.65", "medicacion_actual": "", "comportamiento_consulta": "asustadizo", "veterinario_habitual": "Dr. García", "telefono_emergencia": "3012811909", "estado_vacunacion": "completo", "fecha_ultima_vacuna": "2024-12-07", "desparasitacion": "desconocido", "fecha_ultima_desparasitacion": "2025-04-28", "cirugias_previas": "", "fecha_ultima_cirugia": null, "tipo_alimentacion": "Casera", "frecuencia_alimentacion": "2 veces al día", "comportamiento": "Tranquilo", "permite_manejo": "Con precaución", "cartilla_vacunacion": "", "observaciones_comportamiento": "", "caracteristicas": "Mascota gato de raza Bengalí", "color": "Tricolor", "fecha_registro": "2025-10-06T20:35:52.536Z"}}, {"model": "mascotas.mascota", "pk": 67, "fields": {"nombre": "Nala", "tipo": "gato", "raza": "Siamés", "sexo": "macho", "fecha_nacimiento": "2019-05-14", "cliente": 7, "microchip": "MX855198356063", "foto": "", "alergias_conocidas": "Ninguna", "alergias_tipo": "", "enfermedades_cronicas": "", "enfermedades_tipo": "", "esterilizado": "si", "fecha_esterilizacion": null, "peso_actual": "26.61", "medicacion_actual": "", "comportamiento_consulta": "asustadizo", "veterinario_habitual": "Dra. Rodríguez", "telefono_emergencia": "3018194647", "estado_vacunacion": "parcial", "fecha_ultima_vacuna": "2024-12-07", "desparasitacion": "desconocido", "fecha_ultima_desparasitacion": null, "cirugias_previas": "", "fecha_ultima_cirugia": null, "tipo_alimentacion": "Concentrado", "frecuencia_alimentacion": "2 veces al día", "comportamiento": "Tranquilo", "permite_manejo": "Con precaución", "cartilla_vacunacion": "", "observaciones_comportamiento": "", "caracteristicas": "Mascota gato de raza Siamés", "color": "Dorado", "fecha_registro": "2025-10-06T20:35:52.542Z"}}, {"model": "mascotas.mascota", "pk": 68, "fields": {"nombre": "Coco", "tipo": "perro", "raza": "Husky", "sexo": "macho", "fecha_nacimiento": "2011-02-26", "cliente": 7, "microchip": "MX226474693988", "foto": "mascotas/Husky_wGutkhI.webp", "alergias_conocidas": "Ninguna", "alergias_tipo": "", "enfermedades_cronicas": "Artritis", "enfermedades_tipo": "", "esterilizado": "no", "fecha_esterilizacion": null, "peso_actual": "16.72", "medicacion_actual": "", "comportamiento_consulta": "tranquilo", "veterinario_habitual": "Dra. Rodríguez", "telefono_emergencia": "3014543766", "estado_vacunacion": "desconocido", "fecha_ultima_vacuna": null, "desparasitacion": "actualizado", "fecha_ultima_desparasitacion": null, "cirugias_previas": "", "fecha_ultima_cirugia": null, "tipo_alimentacion": "Concentrado", "frecuencia_alimentacion": "1 vez al día", "comportamiento": "Juguetón", "permite_manejo": "Con precaución", "cartilla_vacunacion": "", "observaciones_comportamiento": "", "caracteristicas": "Mascota perro de raza Husky", "color": "Moteado", "fecha_registro": "2025-10-06T20:35:52.546Z"}}, {"model": "mascotas.mascota", "pk": 69, "fields": {"nombre": "Shadow", "tipo": "gato", "raza": "Bengalí", "sexo": "macho", "fecha_nacimiento": "2021-02-26", "cliente": 7, "microchip": "MX333731610804", "foto": "", "alergias_conocidas": "Ninguna", "alergias_tipo": "", "enfermedades_cronicas": "", "enfermedades_tipo": "", "esterilizado": "desconocido", "fecha_esterilizacion": null, "peso_actual": "9.47", "medicacion_actual": "", "comportamiento_consulta": "tranquilo", "veterinario_habitual": "Dr. García", "telefono_emergencia": "3012758945", "estado_vacunacion": "completo", "fecha_ultima_vacuna": "2025-07-16", "desparasitacion": "desconocido", "fecha_ultima_desparasitacion": "2025-08-17", "cirugias_previas": "", "fecha_ultima_cirugia": null, "tipo_alimentacion": "Concentrado", "frecuencia_alimentacion": "1 vez al día", "comportamiento": "Juguetón", "permite_manejo": "Sí, sin problemas", "cartilla_vacunacion": "", "observaciones_comportamiento": "", "caracteristicas": "Mascota gato de raza Bengalí", "color": "Negro", "fecha_registro": "2025-10-06T20:35:52.549Z"}}, {"model": "mascotas.mascota", "pk": 70, "fields": {"nombre": "Luna", "tipo": "gato", "raza": "Maine Coon", "sexo": "macho", "fecha_nacimiento": "2014-06-30", "cliente": 7, "microchip": "MX796726897382", "foto": "", "alergias_conocidas": "Ninguna", "alergias_tipo": "Ambiental", "enfermedades_cronicas": "", "enfermedades_tipo": "", "esterilizado": "desconocido", "fecha_esterilizacion": null, "peso_actual": "32.85", "medicacion_actual": "", "comportamiento_consulta": "asustadizo", "veterinario_habitual": "Dr. García", "telefono_emergencia": "3018887046", "estado_vacunacion": "parcial", "fecha_ultima_vacuna": "2025-05-09", "desparasitacion": "actualizado", "fecha_ultima_desparasitacion": "2025-07-18", "cirugias_previas": "", "fecha_ultima_cirugia": null, "tipo_alimentacion": "Casera", "frecuencia_alimentacion": "2 veces al día", "comportamiento": "Tímido", "permite_manejo": "Solo con el dueño", "cartilla_vacunacion": "", "observaciones_comportamiento": "", "caracteristicas": "Mascota gato de raza Maine Coon", "color": "Tricolor", "fecha_registro": "2025-10-06T20:35:52.553Z"}}, {"model": "mascotas.mascota", "pk": 71, "fields": {"nombre": "Max", "tipo": "perro", "raza": "Mestizo", "sexo": "macho", "fecha_nacimiento": "2014-02-13", "cliente": 8, "microchip": "MX935746813005", "foto": "mascotas/Mestizo.jpeg", "alergias_conocidas": "Ninguna", "alergias_tipo": "", "enfermedades_cronicas": "", "enfermedades_tipo": "", "esterilizado": "no", "fecha_esterilizacion": null, "peso_actual": "13.02", "medicacion_actual": "Suplementos vitamínicos", "comportamiento_consulta": "tranquilo", "veterinario_habitual": "Dr. García", "telefono_emergencia": "3018193983", "estado_vacunacion": "desconocido", "fecha_ultima_vacuna": "2024-11-28", "desparasitacion": "desconocido", "fecha_ultima_desparasitacion": "2025-04-22", "cirugias_previas": "Fractura", "fecha_ultima_cirugia": null, "tipo_alimentacion": "Concentrado", "frecuencia_alimentacion": "1 vez al día", "comportamiento": "Activo", "permite_manejo": "Con precaución", "cartilla_vacunacion": "", "observaciones_comportamiento": "", "caracteristicas": "Mascota perro de raza Mestizo", "color": "Dorado", "fecha_registro": "2025-10-06T20:35:52.557Z"}}, {"model": "mascotas.mascota", "pk": 72, "fields": {"nombre": "Luna", "tipo": "perro", "raza": "Beagle", "sexo": "macho", "fecha_nacimiento": "2021-02-17", "cliente": 8, "microchip": "MX582884047557", "foto": "mascotas/Beagle_tKjYdDu.jpeg", "alergias_conocidas": "Ninguna", "alergias_tipo": "Alimentaria", "enfermedades_cronicas": "Problemas cardíacos", "enfermedades_tipo": "", "esterilizado": "no", "fecha_esterilizacion": null, "peso_actual": "28.69", "medicacion_actual": "", "comportamiento_consulta": "nervioso", "veterinario_habitual": "Dr. García", "telefono_emergencia": "3012540461", "estado_vacunacion": "completo", "fecha_ultima_vacuna": null, "desparasitacion": "desconocido", "fecha_ultima_desparasitacion": null, "cirugias_previas": "", "fecha_ultima_cirugia": null, "tipo_alimentacion": "Mixta", "frecuencia_alimentacion": "1 vez al día", "comportamiento": "Tímido", "permite_manejo": "Con precaución", "cartilla_vacunacion": "", "observaciones_comportamiento": "", "caracteristicas": "Mascota perro de raza Beagle", "color": "Negro", "fecha_registro": "2025-10-06T20:35:52.563Z"}}, {"model": "mascotas.mascota", "pk": 73, "fields": {"nombre": "Rocky", "tipo": "perro", "raza": "Husky", "sexo": "hembra", "fecha_nacimiento": "2016-09-26", "cliente": 8, "microchip": "MX949112196224", "foto": "mascotas/Husky_ZKLrEc8.webp", "alergias_conocidas": "Polen", "alergias_tipo": "", "enfermedades_cronicas": "", "enfermedades_tipo": "", "esterilizado": "desconocido", "fecha_esterilizacion": null, "peso_actual": "31.95", "medicacion_actual": "", "comportamiento_consulta": "tranquilo", "veterinario_habitual": "Dra. Rodríguez", "telefono_emergencia": "3017243691", "estado_vacunacion": "desconocido", "fecha_ultima_vacuna": null, "desparasitacion": "pendiente", "fecha_ultima_desparasitacion": "2025-09-05", "cirugias_previas": "", "fecha_ultima_cirugia": null, "tipo_alimentacion": "Mixta", "frecuencia_alimentacion": "1 vez al día", "comportamiento": "Juguetón", "permite_manejo": "Con precaución", "cartilla_vacunacion": "", "observaciones_comportamiento": "", "caracteristicas": "Mascota perro de raza Husky", "color": "Gris", "fecha_registro": "2025-10-06T20:35:52.567Z"}}, {"model": "mascotas.mascota", "pk": 74, "fields": {"nombre": "Bella", "tipo": "perro", "raza": "Beagle", "sexo": "hembra", "fecha_nacimiento": "2025-01-28", "cliente": 8, "microchip": "MX824945084586", "foto": "mascotas/Bravecto_20-40kg.webp", "alergias_conocidas": "Polvo", "alergias_tipo": "", "enfermedades_cronicas": "Artritis", "enfermedades_tipo": "", "esterilizado": "desconocido", "fecha_esterilizacion": null, "peso_actual": "26.25", "medicacion_actual": "", "comportamiento_consulta": "nervioso", "veterinario_habitual": "Dr. García", "telefono_emergencia": "3013413929", "estado_vacunacion": "desconocido", "fecha_ultima_vacuna": null, "desparasitacion": "desconocido", "fecha_ultima_desparasitacion": "2025-05-21", "cirugias_previas": "", "fecha_ultima_cirugia": null, "tipo_alimentacion": "BARF", "frecuencia_alimentacion": "3 veces al día", "comportamiento": "Tranquilo", "permite_manejo": "Sí, sin problemas", "cartilla_vacunacion": "", "observaciones_comportamiento": "", "caracteristicas": "Mascota perro de raza Beagle", "color": "Gris", "fecha_registro": "2025-10-06T20:35:52.570Z"}}, {"model": "mascotas.mascota", "pk": 75, "fields": {"nombre": "Whiskers", "tipo": "gato", "raza": "Persa", "sexo": "hembra", "fecha_nacimiento": "2023-06-18", "cliente": 8, "microchip": "", "foto": "", "alergias_conocidas": "Polen", "alergias_tipo": "", "enfermedades_cronicas": "", "enfermedades_tipo": "", "esterilizado": "desconocido", "fecha_esterilizacion": null, "peso_actual": "33.50", "medicacion_actual": "", "comportamiento_consulta": "nervioso", "veterinario_habitual": "Dr. García", "telefono_emergencia": "3011422489", "estado_vacunacion": "parcial", "fecha_ultima_vacuna": "2025-08-04", "desparasitacion": "desconocido", "fecha_ultima_desparasitacion": "2025-08-07", "cirugias_previas": "", "fecha_ultima_cirugia": null, "tipo_alimentacion": "Mixta", "frecuencia_alimentacion": "2 veces al día", "comportamiento": "Juguetón", "permite_manejo": "Con precaución", "cartilla_vacunacion": "", "observaciones_comportamiento": "", "caracteristicas": "Mascota gato de raza Persa", "color": "Café", "fecha_registro": "2025-10-06T20:35:52.576Z"}}, {"model": "mascotas.mascota", "pk": 76, "fields": {"nombre": "Simba", "tipo": "gato", "raza": "Común Europeo", "sexo": "macho", "fecha_nacimiento": "2015-08-21", "cliente": 8, "microchip": "MX254425881346", "foto": "", "alergias_conocidas": "Ninguna", "alergias_tipo": "", "enfermedades_cronicas": "", "enfermedades_tipo": "", "esterilizado": "no", "fecha_esterilizacion": null, "peso_actual": "28.88", "medicacion_actual": "Suplementos vitamínicos", "comportamiento_consulta": "nervioso", "veterinario_habitual": "Dr. García", "telefono_emergencia": "3018610636", "estado_vacunacion": "completo", "fecha_ultima_vacuna": "2025-03-06", "desparasitacion": "actualizado", "fecha_ultima_desparasitacion": null, "cirugias_previas": "", "fecha_ultima_cirugia": null, "tipo_alimentacion": "Casera", "frecuencia_alimentacion": "3 veces al día", "comportamiento": "Tranquilo", "permite_manejo": "Sí, sin problemas", "cartilla_vacunacion": "", "observaciones_comportamiento": "", "caracteristicas": "Mascota gato de raza Común Europeo", "color": "Dorado", "fecha_registro": "2025-10-06T20:35:52.580Z"}}, {"model": "mascotas.mascota", "pk": 77, "fields": {"nombre": "Bruno", "tipo": "perro", "raza": "Beagle", "sexo": "hembra", "fecha_nacimiento": "2011-10-07", "cliente": 8, "microchip": "", "foto": "mascotas/Beagle.jpeg", "alergias_conocidas": "Ninguna", "alergias_tipo": "Ambiental", "enfermedades_cronicas": "", "enfermedades_tipo": "", "esterilizado": "no", "fecha_esterilizacion": null, "peso_actual": "31.65", "medicacion_actual": "", "comportamiento_consulta": "nervioso", "veterinario_habitual": "Dra. Rodríguez", "telefono_emergencia": "3018378291", "estado_vacunacion": "desconocido", "fecha_ultima_vacuna": "2025-03-22", "desparasitacion": "desconocido", "fecha_ultima_desparasitacion": null, "cirugias_previas": "", "fecha_ultima_cirugia": null, "tipo_alimentacion": "Concentrado", "frecuencia_alimentacion": "1 vez al día", "comportamiento": "Activo", "permite_manejo": "Sí, sin problemas", "cartilla_vacunacion": "", "observaciones_comportamiento": "", "caracteristicas": "Mascota perro de raza Beagle", "color": "Gris", "fecha_registro": "2025-10-06T20:35:52.583Z"}}, {"model": "mascotas.mascota", "pk": 78, "fields": {"nombre": "Coco", "tipo": "perro", "raza": "Husky", "sexo": "macho", "fecha_nacimiento": "2023-04-25", "cliente": 8, "microchip": "MX504815585506", "foto": "mascotas/Husky_xVrKnLr.webp", "alergias_conocidas": "Ninguna", "alergias_tipo": "", "enfermedades_cronicas": "Diabetes", "enfermedades_tipo": "", "esterilizado": "si", "fecha_esterilizacion": null, "peso_actual": "10.22", "medicacion_actual": "", "comportamiento_consulta": "tranquilo", "veterinario_habitual": "Dr. García", "telefono_emergencia": "3019373475", "estado_vacunacion": "completo", "fecha_ultima_vacuna": "2024-11-11", "desparasitacion": "actualizado", "fecha_ultima_desparasitacion": "2025-09-01", "cirugias_previas": "", "fecha_ultima_cirugia": null, "tipo_alimentacion": "BARF", "frecuencia_alimentacion": "3 veces al día", "comportamiento": "Activo", "permite_manejo": "Con precaución", "cartilla_vacunacion": "", "observaciones_comportamiento": "", "caracteristicas": "Mascota perro de raza Husky", "color": "Dorado", "fecha_registro": "2025-10-06T20:35:52.586Z"}}, {"model": "mascotas.mascota", "pk": 79, "fields": {"nombre": "Toby", "tipo": "perro", "raza": "Labrador", "sexo": "hembra", "fecha_nacimiento": "2019-08-15", "cliente": 8, "microchip": "MX757419493081", "foto": "", "alergias_conocidas": "Ninguna", "alergias_tipo": "", "enfermedades_cronicas": "", "enfermedades_tipo": "", "esterilizado": "desconocido", "fecha_esterilizacion": null, "peso_actual": "11.63", "medicacion_actual": "", "comportamiento_consulta": "nervioso", "veterinario_habitual": "Dr. García", "telefono_emergencia": "3019641333", "estado_vacunacion": "parcial", "fecha_ultima_vacuna": "2025-04-16", "desparasitacion": "desconocido", "fecha_ultima_desparasitacion": null, "cirugias_previas": "", "fecha_ultima_cirugia": null, "tipo_alimentacion": "Concentrado", "frecuencia_alimentacion": "3 veces al día", "comportamiento": "Tímido", "permite_manejo": "Sí, sin problemas", "cartilla_vacunacion": "", "observaciones_comportamiento": "", "caracteristicas": "Mascota perro de raza Labrador", "color": "Gris", "fecha_registro": "2025-10-06T20:35:52.589Z"}}, {"model": "mascotas.mascota", "pk": 80, "fields": {"nombre": "Luna", "tipo": "gato", "raza": "Maine Coon", "sexo": "hembra", "fecha_nacimiento": "2020-09-10", "cliente": 8, "microchip": "", "foto": "", "alergias_conocidas": "Ninguna", "alergias_tipo": "", "enfermedades_cronicas": "Artritis", "enfermedades_tipo": "", "esterilizado": "desconocido", "fecha_esterilizacion": null, "peso_actual": "5.69", "medicacion_actual": "", "comportamiento_consulta": "asustadizo", "veterinario_habitual": "Dra. Rodríguez", "telefono_emergencia": "3018987329", "estado_vacunacion": "completo", "fecha_ultima_vacuna": "2025-07-16", "desparasitacion": "pendiente", "fecha_ultima_desparasitacion": null, "cirugias_previas": "", "fecha_ultima_cirugia": null, "tipo_alimentacion": "BARF", "frecuencia_alimentacion": "1 vez al día", "comportamiento": "Activo", "permite_manejo": "Sí, sin problemas", "cartilla_vacunacion": "", "observaciones_comportamiento": "", "caracteristicas": "Mascota gato de raza Maine Coon", "color": "Gris", "fecha_registro": "2025-10-06T20:35:52.593Z"}}, {"model": "mascotas.mascota", "pk": 81, "fields": {"nombre": "Michi", "tipo": "gato", "raza": "Persa", "sexo": "macho", "fecha_nacimiento": "2011-07-24", "cliente": 9, "microchip": "MX732189012090", "foto": "", "alergias_conocidas": "Ninguna", "alergias_tipo": "", "enfermedades_cronicas": "", "enfermedades_tipo": "", "esterilizado": "desconocido", "fecha_esterilizacion": null, "peso_actual": "17.88", "medicacion_actual": "", "comportamiento_consulta": "nervioso", "veterinario_habitual": "Dra. Rodríguez", "telefono_emergencia": "3016691790", "estado_vacunacion": "completo", "fecha_ultima_vacuna": "2025-07-27", "desparasitacion": "pendiente", "fecha_ultima_desparasitacion": null, "cirugias_previas": "", "fecha_ultima_cirugia": null, "tipo_alimentacion": "BARF", "frecuencia_alimentacion": "3 veces al día", "comportamiento": "Tímido", "permite_manejo": "Solo con el dueño", "cartilla_vacunacion": "", "observaciones_comportamiento": "", "caracteristicas": "Mascota gato de raza Persa", "color": "Café", "fecha_registro": "2025-10-06T20:35:52.597Z"}}, {"model": "mascotas.mascota", "pk": 82, "fields": {"nombre": "Luna", "tipo": "perro", "raza": "Mestizo", "sexo": "hembra", "fecha_nacimiento": "2025-08-21", "cliente": 9, "microchip": "", "foto": "mascotas/Mestizo_M42JDyj.jpeg", "alergias_conocidas": "Ninguna", "alergias_tipo": "", "enfermedades_cronicas": "", "enfermedades_tipo": "", "esterilizado": "si", "fecha_esterilizacion": null, "peso_actual": "5.49", "medicacion_actual": "", "comportamiento_consulta": "asustadizo", "veterinario_habitual": "Dr. García", "telefono_emergencia": "3011019764", "estado_vacunacion": "parcial", "fecha_ultima_vacuna": "2024-10-06", "desparasitacion": "desconocido", "fecha_ultima_desparasitacion": null, "cirugias_previas": "", "fecha_ultima_cirugia": null, "tipo_alimentacion": "Casera", "frecuencia_alimentacion": "1 vez al día", "comportamiento": "Activo", "permite_manejo": "Sí, sin problemas", "cartilla_vacunacion": "", "observaciones_comportamiento": "", "caracteristicas": "Mascota perro de raza Mestizo", "color": "Blanco", "fecha_registro": "2025-10-06T20:35:52.601Z"}}, {"model": "mascotas.mascota", "pk": 83, "fields": {"nombre": "Salem", "tipo": "gato", "raza": "Persa", "sexo": "macho", "fecha_nacimiento": "2020-09-13", "cliente": 9, "microchip": "MX757432644340", "foto": "", "alergias_conocidas": "Ninguna", "alergias_tipo": "", "enfermedades_cronicas": "Artritis", "enfermedades_tipo": "", "esterilizado": "desconocido", "fecha_esterilizacion": null, "peso_actual": "6.37", "medicacion_actual": "", "comportamiento_consulta": "nervioso", "veterinario_habitual": "Dr. García", "telefono_emergencia": "3011962489", "estado_vacunacion": "completo", "fecha_ultima_vacuna": "2025-01-11", "desparasitacion": "actualizado", "fecha_ultima_desparasitacion": "2025-09-04", "cirugias_previas": "", "fecha_ultima_cirugia": null, "tipo_alimentacion": "BARF", "frecuencia_alimentacion": "1 vez al día", "comportamiento": "Juguetón", "permite_manejo": "Sí, sin problemas", "cartilla_vacunacion": "", "observaciones_comportamiento": "", "caracteristicas": "Mascota gato de raza Persa", "color": "Atigrado", "fecha_registro": "2025-10-06T20:35:52.605Z"}}, {"model": "mascotas.mascota", "pk": 84, "fields": {"nombre": "Felix", "tipo": "gato", "raza": "Común Europeo", "sexo": "hembra", "fecha_nacimiento": "2022-06-19", "cliente": 9, "microchip": "MX899725538244", "foto": "", "alergias_conocidas": "Ninguna", "alergias_tipo": "", "enfermedades_cronicas": "", "enfermedades_tipo": "", "esterilizado": "si", "fecha_esterilizacion": null, "peso_actual": "6.29", "medicacion_actual": "", "comportamiento_consulta": "tranquilo", "veterinario_habitual": "Dr. García", "telefono_emergencia": "3012863219", "estado_vacunacion": "desconocido", "fecha_ultima_vacuna": "2024-11-09", "desparasitacion": "desconocido", "fecha_ultima_desparasitacion": "2025-06-01", "cirugias_previas": "", "fecha_ultima_cirugia": null, "tipo_alimentacion": "BARF", "frecuencia_alimentacion": "3 veces al día", "comportamiento": "Tímido", "permite_manejo": "Sí, sin problemas", "cartilla_vacunacion": "", "observaciones_comportamiento": "", "caracteristicas": "Mascota gato de raza Común Europeo", "color": "Tricolor", "fecha_registro": "2025-10-06T20:35:52.609Z"}}, {"model": "mascotas.mascota", "pk": 85, "fields": {"nombre": "Zeus", "tipo": "perro", "raza": "Labrador", "sexo": "macho", "fecha_nacimiento": "2012-08-19", "cliente": 9, "microchip": "", "foto": "", "alergias_conocidas": "Ninguna", "alergias_tipo": "", "enfermedades_cronicas": "", "enfermedades_tipo": "", "esterilizado": "no", "fecha_esterilizacion": null, "peso_actual": "10.21", "medicacion_actual": "", "comportamiento_consulta": "nervioso", "veterinario_habitual": "Dra. Rodríguez", "telefono_emergencia": "3018792420", "estado_vacunacion": "desconocido", "fecha_ultima_vacuna": "2025-04-30", "desparasitacion": "pendiente", "fecha_ultima_desparasitacion": "2025-05-18", "cirugias_previas": "", "fecha_ultima_cirugia": null, "tipo_alimentacion": "Casera", "frecuencia_alimentacion": "3 veces al día", "comportamiento": "Activo", "permite_manejo": "Con precaución", "cartilla_vacunacion": "", "observaciones_comportamiento": "", "caracteristicas": "Mascota perro de raza Labrador", "color": "Blanco", "fecha_registro": "2025-10-06T20:35:52.612Z"}}, {"model": "mascotas.mascota", "pk": 86, "fields": {"nombre": "Lola", "tipo": "perro", "raza": "Labrador", "sexo": "macho", "fecha_nacimiento": "2015-02-14", "cliente": 9, "microchip": "MX898943615586", "foto": "", "alergias_conocidas": "Ciertos alimentos", "alergias_tipo": "", "enfermedades_cronicas": "Artritis", "enfermedades_tipo": "", "esterilizado": "desconocido", "fecha_esterilizacion": null, "peso_actual": "22.99", "medicacion_actual": "", "comportamiento_consulta": "nervioso", "veterinario_habitual": "Dra. Rodríguez", "telefono_emergencia": "3018992391", "estado_vacunacion": "parcial", "fecha_ultima_vacuna": "2025-05-14", "desparasitacion": "pendiente", "fecha_ultima_desparasitacion": "2025-08-05", "cirugias_previas": "", "fecha_ultima_cirugia": null, "tipo_alimentacion": "Concentrado", "frecuencia_alimentacion": "2 veces al día", "comportamiento": "Activo", "permite_manejo": "Sí, sin problemas", "cartilla_vacunacion": "", "observaciones_comportamiento": "", "caracteristicas": "Mascota perro de raza Labrador", "color": "Blanco", "fecha_registro": "2025-10-06T20:35:52.615Z"}}, {"model": "mascotas.mascota", "pk": 87, "fields": {"nombre": "Nala", "tipo": "gato", "raza": "Maine Coon", "sexo": "hembra", "fecha_nacimiento": "2012-11-19", "cliente": 9, "microchip": "MX831563102140", "foto": "", "alergias_conocidas": "Ciertos alimentos", "alergias_tipo": "", "enfermedades_cronicas": "", "enfermedades_tipo": "", "esterilizado": "no", "fecha_esterilizacion": null, "peso_actual": "26.46", "medicacion_actual": "", "comportamiento_consulta": "asustadizo", "veterinario_habitual": "Dra. Rodríguez", "telefono_emergencia": "3017673339", "estado_vacunacion": "desconocido", "fecha_ultima_vacuna": "2025-03-14", "desparasitacion": "desconocido", "fecha_ultima_desparasitacion": null, "cirugias_previas": "", "fecha_ultima_cirugia": null, "tipo_alimentacion": "BARF", "frecuencia_alimentacion": "1 vez al día", "comportamiento": "Tranquilo", "permite_manejo": "Con precaución", "cartilla_vacunacion": "", "observaciones_comportamiento": "", "caracteristicas": "Mascota gato de raza Maine Coon", "color": "Moteado", "fecha_registro": "2025-10-06T20:35:52.618Z"}}, {"model": "mascotas.mascota", "pk": 88, "fields": {"nombre": "Tiger", "tipo": "gato", "raza": "Mestizo", "sexo": "macho", "fecha_nacimiento": "2014-07-12", "cliente": 9, "microchip": "", "foto": "mascotas/Mestizo_8T3lmAW.jpeg", "alergias_conocidas": "Ninguna", "alergias_tipo": "", "enfermedades_cronicas": "", "enfermedades_tipo": "", "esterilizado": "no", "fecha_esterilizacion": null, "peso_actual": "22.83", "medicacion_actual": "", "comportamiento_consulta": "tranquilo", "veterinario_habitual": "Dra. Rodríguez", "telefono_emergencia": "3014450733", "estado_vacunacion": "desconocido", "fecha_ultima_vacuna": "2025-08-23", "desparasitacion": "pendiente", "fecha_ultima_desparasitacion": "2025-07-24", "cirugias_previas": "Tumor", "fecha_ultima_cirugia": null, "tipo_alimentacion": "BARF", "frecuencia_alimentacion": "3 veces al día", "comportamiento": "Juguetón", "permite_manejo": "Sí, sin problemas", "cartilla_vacunacion": "", "observaciones_comportamiento": "", "caracteristicas": "Mascota gato de raza Mestizo", "color": "Atigrado", "fecha_registro": "2025-10-06T20:35:52.621Z"}}, {"model": "mascotas.mascota", "pk": 89, "fields": {"nombre": "Toby", "tipo": "perro", "raza": "Mestizo", "sexo": "hembra", "fecha_nacimiento": "2016-03-07", "cliente": 9, "microchip": "", "foto": "mascotas/Mestizo_Ex25x4J.jpeg", "alergias_conocidas": "Ninguna", "alergias_tipo": "", "enfermedades_cronicas": "", "enfermedades_tipo": "", "esterilizado": "desconocido", "fecha_esterilizacion": null, "peso_actual": "30.47", "medicacion_actual": "", "comportamiento_consulta": "asustadizo", "veterinario_habitual": "Dr. García", "telefono_emergencia": "3011271475", "estado_vacunacion": "desconocido", "fecha_ultima_vacuna": "2024-10-24", "desparasitacion": "pendiente", "fecha_ultima_desparasitacion": "2025-08-11", "cirugias_previas": "", "fecha_ultima_cirugia": null, "tipo_alimentacion": "Mixta", "frecuencia_alimentacion": "2 veces al día", "comportamiento": "Activo", "permite_manejo": "Con precaución", "cartilla_vacunacion": "", "observaciones_comportamiento": "", "caracteristicas": "Mascota perro de raza Mestizo", "color": "Atigrado", "fecha_registro": "2025-10-06T20:35:52.624Z"}}, {"model": "mascotas.mascota", "pk": 90, "fields": {"nombre": "Mia", "tipo": "perro", "raza": "Chihuahua", "sexo": "hembra", "fecha_nacimiento": "2023-03-26", "cliente": 9, "microchip": "MX822003131249", "foto": "mascotas/chihuahua.jpg", "alergias_conocidas": "Ninguna", "alergias_tipo": "", "enfermedades_cronicas": "", "enfermedades_tipo": "", "esterilizado": "no", "fecha_esterilizacion": null, "peso_actual": "30.30", "medicacion_actual": "", "comportamiento_consulta": "nervioso", "veterinario_habitual": "Dr. García", "telefono_emergencia": "3013481729", "estado_vacunacion": "desconocido", "fecha_ultima_vacuna": "2025-03-29", "desparasitacion": "desconocido", "fecha_ultima_desparasitacion": "2025-07-29", "cirugias_previas": "", "fecha_ultima_cirugia": null, "tipo_alimentacion": "Concentrado", "frecuencia_alimentacion": "2 veces al día", "comportamiento": "Tranquilo", "permite_manejo": "Sí, sin problemas", "cartilla_vacunacion": "", "observaciones_comportamiento": "", "caracteristicas": "Mascota perro de raza Chihuahua", "color": "Blanco", "fecha_registro": "2025-10-06T20:35:52.626Z"}}, {"model": "mascotas.mascota", "pk": 91, "fields": {"nombre": "Michi", "tipo": "gato", "raza": "Persa", "sexo": "macho", "fecha_nacimiento": "2012-01-14", "cliente": 10, "microchip": "MX747296463625", "foto": "", "alergias_conocidas": "Ninguna", "alergias_tipo": "", "enfermedades_cronicas": "", "enfermedades_tipo": "", "esterilizado": "desconocido", "fecha_esterilizacion": null, "peso_actual": "33.45", "medicacion_actual": "", "comportamiento_consulta": "asustadizo", "veterinario_habitual": "Dra. Rodríguez", "telefono_emergencia": "3016928356", "estado_vacunacion": "parcial", "fecha_ultima_vacuna": "2024-12-30", "desparasitacion": "pendiente", "fecha_ultima_desparasitacion": null, "cirugias_previas": "Tumor", "fecha_ultima_cirugia": null, "tipo_alimentacion": "Mixta", "frecuencia_alimentacion": "1 vez al día", "comportamiento": "Tranquilo", "permite_manejo": "Solo con el dueño", "cartilla_vacunacion": "", "observaciones_comportamiento": "", "caracteristicas": "Mascota gato de raza Persa", "color": "Negro", "fecha_registro": "2025-10-06T20:35:52.629Z"}}, {"model": "mascotas.mascota", "pk": 92, "fields": {"nombre": "Luna", "tipo": "perro", "raza": "Beagle", "sexo": "hembra", "fecha_nacimiento": "2023-06-23", "cliente": 10, "microchip": "MX647258140038", "foto": "mascotas/Beagle2.webp", "alergias_conocidas": "Ninguna", "alergias_tipo": "Medicamentos", "enfermedades_cronicas": "Problemas cardíacos", "enfermedades_tipo": "", "esterilizado": "si", "fecha_esterilizacion": null, "peso_actual": "22.04", "medicacion_actual": "", "comportamiento_consulta": "tranquilo", "veterinario_habitual": "Dra. Rodríguez", "telefono_emergencia": "3013046768", "estado_vacunacion": "completo", "fecha_ultima_vacuna": null, "desparasitacion": "desconocido", "fecha_ultima_desparasitacion": null, "cirugias_previas": "", "fecha_ultima_cirugia": null, "tipo_alimentacion": "BARF", "frecuencia_alimentacion": "3 veces al día", "comportamiento": "Tranquilo", "permite_manejo": "Con precaución", "cartilla_vacunacion": "", "observaciones_comportamiento": "", "caracteristicas": "Mascota perro de raza Beagle", "color": "Atigrado", "fecha_registro": "2025-10-06T20:35:52.632Z"}}, {"model": "mascotas.mascota", "pk": 93, "fields": {"nombre": "Rocky", "tipo": "perro", "raza": "Mestizo", "sexo": "hembra", "fecha_nacimiento": "2013-09-14", "cliente": 10, "microchip": "MX240242851236", "foto": "mascotas/Mestizo_RbIza8L.jpeg", "alergias_conocidas": "Ninguna", "alergias_tipo": "", "enfermedades_cronicas": "Diabetes", "enfermedades_tipo": "", "esterilizado": "no", "fecha_esterilizacion": null, "peso_actual": "23.01", "medicacion_actual": "Suplementos vitamínicos", "comportamiento_consulta": "nervioso", "veterinario_habitual": "Dr. García", "telefono_emergencia": "3015538241", "estado_vacunacion": "parcial", "fecha_ultima_vacuna": "2024-12-15", "desparasitacion": "actualizado", "fecha_ultima_desparasitacion": null, "cirugias_previas": "", "fecha_ultima_cirugia": null, "tipo_alimentacion": "Mixta", "frecuencia_alimentacion": "2 veces al día", "comportamiento": "Tímido", "permite_manejo": "Solo con el dueño", "cartilla_vacunacion": "", "observaciones_comportamiento": "", "caracteristicas": "Mascota perro de raza Mestizo", "color": "Moteado", "fecha_registro": "2025-10-06T20:35:52.635Z"}}, {"model": "mascotas.mascota", "pk": 94, "fields": {"nombre": "Felix", "tipo": "gato", "raza": "Mestizo", "sexo": "macho", "fecha_nacimiento": "2013-12-23", "cliente": 10, "microchip": "MX109044734728", "foto": "mascotas/Mestizo.jpeg", "alergias_conocidas": "Ninguna", "alergias_tipo": "", "enfermedades_cronicas": "", "enfermedades_tipo": "", "esterilizado": "no", "fecha_esterilizacion": null, "peso_actual": "27.52", "medicacion_actual": "", "comportamiento_consulta": "tranquilo", "veterinario_habitual": "Dra. Rodríguez", "telefono_emergencia": "3012759631", "estado_vacunacion": "completo", "fecha_ultima_vacuna": "2025-02-13", "desparasitacion": "actualizado", "fecha_ultima_desparasitacion": "2025-07-18", "cirugias_previas": "Esterilización", "fecha_ultima_cirugia": null, "tipo_alimentacion": "Mixta", "frecuencia_alimentacion": "3 veces al día", "comportamiento": "Tímido", "permite_manejo": "Sí, sin problemas", "cartilla_vacunacion": "", "observaciones_comportamiento": "", "caracteristicas": "Mascota gato de raza Mestizo", "color": "Gris", "fecha_registro": "2025-10-06T20:35:52.638Z"}}, {"model": "mascotas.mascota", "pk": 95, "fields": {"nombre": "Zeus", "tipo": "perro", "raza": "Golden Retriever", "sexo": "hembra", "fecha_nacimiento": "2013-06-19", "cliente": 10, "microchip": "MX390090449382", "foto": "", "alergias_conocidas": "Ninguna", "alergias_tipo": "", "enfermedades_cronicas": "", "enfermedades_tipo": "", "esterilizado": "desconocido", "fecha_esterilizacion": null, "peso_actual": "22.29", "medicacion_actual": "", "comportamiento_consulta": "tranquilo", "veterinario_habitual": "Dr. García", "telefono_emergencia": "3012441624", "estado_vacunacion": "parcial", "fecha_ultima_vacuna": "2025-07-25", "desparasitacion": "pendiente", "fecha_ultima_desparasitacion": "2025-07-03", "cirugias_previas": "", "fecha_ultima_cirugia": null, "tipo_alimentacion": "BARF", "frecuencia_alimentacion": "1 vez al día", "comportamiento": "Activo", "permite_manejo": "Sí, sin problemas", "cartilla_vacunacion": "", "observaciones_comportamiento": "", "caracteristicas": "Mascota perro de raza Golden Retriever", "color": "Negro", "fecha_registro": "2025-10-06T20:35:52.642Z"}}, {"model": "mascotas.mascota", "pk": 96, "fields": {"nombre": "Lola", "tipo": "perro", "raza": "Pitbull", "sexo": "hembra", "fecha_nacimiento": "2015-04-22", "cliente": 10, "microchip": "", "foto": "mascotas/Pitbull.jpeg", "alergias_conocidas": "Ninguna", "alergias_tipo": "", "enfermedades_cronicas": "", "enfermedades_tipo": "", "esterilizado": "no", "fecha_esterilizacion": null, "peso_actual": "3.84", "medicacion_actual": "", "comportamiento_consulta": "tranquilo", "veterinario_habitual": "Dra. Rodríguez", "telefono_emergencia": "3019025210", "estado_vacunacion": "desconocido", "fecha_ultima_vacuna": "2024-11-30", "desparasitacion": "desconocido", "fecha_ultima_desparasitacion": "2025-04-11", "cirugias_previas": "Esterilización", "fecha_ultima_cirugia": null, "tipo_alimentacion": "Casera", "frecuencia_alimentacion": "2 veces al día", "comportamiento": "Tímido", "permite_manejo": "Con precaución", "cartilla_vacunacion": "", "observaciones_comportamiento": "", "caracteristicas": "Mascota perro de raza Pitbull", "color": "Café", "fecha_registro": "2025-10-06T20:35:52.645Z"}}, {"model": "mascotas.mascota", "pk": 97, "fields": {"nombre": "Bruno", "tipo": "perro", "raza": "Pastor Alemán", "sexo": "hembra", "fecha_nacimiento": "2015-10-10", "cliente": 10, "microchip": "", "foto": "mascotas/Pastor_Alemán_6Efyh6O.jpeg", "alergias_conocidas": "Ninguna", "alergias_tipo": "", "enfermedades_cronicas": "", "enfermedades_tipo": "", "esterilizado": "desconocido", "fecha_esterilizacion": null, "peso_actual": "11.40", "medicacion_actual": "", "comportamiento_consulta": "tranquilo", "veterinario_habitual": "Dra. Rodríguez", "telefono_emergencia": "3011579923", "estado_vacunacion": "completo", "fecha_ultima_vacuna": null, "desparasitacion": "pendiente", "fecha_ultima_desparasitacion": "2025-08-20", "cirugias_previas": "", "fecha_ultima_cirugia": null, "tipo_alimentacion": "Concentrado", "frecuencia_alimentacion": "3 veces al día", "comportamiento": "Tímido", "permite_manejo": "Con precaución", "cartilla_vacunacion": "", "observaciones_comportamiento": "", "caracteristicas": "Mascota perro de raza Pastor Alemán", "color": "Café", "fecha_registro": "2025-10-06T20:35:52.648Z"}}, {"model": "mascotas.mascota", "pk": 98, "fields": {"nombre": "Coco", "tipo": "perro", "raza": "Poodle", "sexo": "macho", "fecha_nacimiento": "2017-12-25", "cliente": 10, "microchip": "MX236612745057", "foto": "mascotas/Poodle.webp", "alergias_conocidas": "Ninguna", "alergias_tipo": "", "enfermedades_cronicas": "", "enfermedades_tipo": "", "esterilizado": "desconocido", "fecha_esterilizacion": null, "peso_actual": "22.31", "medicacion_actual": "", "comportamiento_consulta": "nervioso", "veterinario_habitual": "Dr. García", "telefono_emergencia": "3017403068", "estado_vacunacion": "desconocido", "fecha_ultima_vacuna": "2024-11-23", "desparasitacion": "desconocido", "fecha_ultima_desparasitacion": "2025-07-09", "cirugias_previas": "", "fecha_ultima_cirugia": null, "tipo_alimentacion": "Casera", "frecuencia_alimentacion": "2 veces al día", "comportamiento": "Tranquilo", "permite_manejo": "Sí, sin problemas", "cartilla_vacunacion": "", "observaciones_comportamiento": "", "caracteristicas": "Mascota perro de raza Poodle", "color": "Tricolor", "fecha_registro": "2025-10-06T20:35:52.650Z"}}, {"model": "mascotas.mascota", "pk": 99, "fields": {"nombre": "Shadow", "tipo": "gato", "raza": "Británico", "sexo": "hembra", "fecha_nacimiento": "2012-11-24", "cliente": 10, "microchip": "MX273644224719", "foto": "", "alergias_conocidas": "Ninguna", "alergias_tipo": "", "enfermedades_cronicas": "", "enfermedades_tipo": "", "esterilizado": "si", "fecha_esterilizacion": null, "peso_actual": "15.45", "medicacion_actual": "", "comportamiento_consulta": "asustadizo", "veterinario_habitual": "Dra. Rodríguez", "telefono_emergencia": "3014873297", "estado_vacunacion": "parcial", "fecha_ultima_vacuna": "2024-11-30", "desparasitacion": "desconocido", "fecha_ultima_desparasitacion": "2025-07-07", "cirugias_previas": "Esterilización", "fecha_ultima_cirugia": null, "tipo_alimentacion": "Casera", "frecuencia_alimentacion": "3 veces al día", "comportamiento": "Tranquilo", "permite_manejo": "Con precaución", "cartilla_vacunacion": "", "observaciones_comportamiento": "", "caracteristicas": "Mascota gato de raza Británico", "color": "Café", "fecha_registro": "2025-10-06T20:35:52.653Z"}}, {"model": "mascotas.mascota", "pk": 100, "fields": {"nombre": "Mia", "tipo": "perro", "raza": "Chihuahua", "sexo": "hembra", "fecha_nacimiento": "2024-01-10", "cliente": 10, "microchip": "", "foto": "", "alergias_conocidas": "Ciertos alimentos", "alergias_tipo": "", "enfermedades_cronicas": "", "enfermedades_tipo": "", "esterilizado": "no", "fecha_esterilizacion": null, "peso_actual": "30.20", "medicacion_actual": "", "comportamiento_consulta": "asustadizo", "veterinario_habitual": "Dr. García", "telefono_emergencia": "3013275559", "estado_vacunacion": "completo", "fecha_ultima_vacuna": "2024-12-14", "desparasitacion": "actualizado", "fecha_ultima_desparasitacion": "2025-06-02", "cirugias_previas": "", "fecha_ultima_cirugia": null, "tipo_alimentacion": "Casera", "frecuencia_alimentacion": "3 veces al día", "comportamiento": "Tímido", "permite_manejo": "Solo con el dueño", "cartilla_vacunacion": "", "observaciones_comportamiento": "", "caracteristicas": "Mascota perro de raza Chihuahua", "color": "Dorado", "fecha_registro": "2025-10-06T20:35:52.655Z"}}, {"model": "mascotas.mascota", "pk": 104, "fields": {"nombre": "maxie", "tipo": "reptil", "raza": "pitón", "sexo": "macho", "fecha_nacimiento": "2025-10-13", "cliente": 15, "microchip": "", "foto": "mascotas/piton_ejemplo_QuPuUSr.avif", "alergias_conocidas": "ninguno", "alergias_tipo": "ninguna", "enfermedades_cronicas": "ninguno", "enfermedades_tipo": "ninguna", "esterilizado": "desconocido", "fecha_esterilizacion": null, "peso_actual": "5.24", "medicacion_actual": "no tiene", "comportamiento_consulta": "requiere_sedacion", "veterinario_habitual": "", "telefono_emergencia": "3022468107", "estado_vacunacion": "ninguna", "fecha_ultima_vacuna": null, "desparasitacion": "desconocido", "fecha_ultima_desparasitacion": null, "cirugias_previas": "", "fecha_ultima_cirugia": null, "tipo_alimentacion": "", "frecuencia_alimentacion": "", "comportamiento": "", "permite_manejo": "", "cartilla_vacunacion": "", "observaciones_comportamiento": "", "caracteristicas": "sus manitas", "color": "", "fecha_registro": "2025-10-15T23:43:02.630Z"}}, {"model": "mascotas.mascota", "pk": 105, "fields": {"nombre": "luna", "tipo": "perro", "raza": "chaw chauw", "sexo": "hembra", "fecha_nacimiento": "2025-01-07", "cliente": 14, "microchip": "", "foto": "", "alergias_conocidas": "", "alergias_tipo": "ninguna", "enfermedades_cronicas": "dfghgds", "enfermedades_tipo": "cardiacas", "esterilizado": "desconocido", "fecha_esterilizacion": null, "peso_actual": "4.00", "medicacion_actual": "no tiene", "comportamiento_consulta": "nervioso", "veterinario_habitual": "unauna", "telefono_emergencia": "3045687962", "estado_vacunacion": "parcial", "fecha_ultima_vacuna": "2025-10-06", "desparasitacion": "pendiente", "fecha_ultima_desparasitacion": "2025-10-03", "cirugias_previas": "", "fecha_ultima_cirugia": null, "tipo_alimentacion": "", "frecuencia_alimentacion": "", "comportamiento": "", "permite_manejo": "", "cartilla_vacunacion": "", "observaciones_comportamiento": "", "caracteristicas": "", "color": "", "fecha_registro": "2025-10-15T23:44:39.429Z"}}, {"model": "mascotas.mascota", "pk": 106, "fields": {"nombre": "maxxx", "tipo": "perro", "raza": "labrador", "sexo": "hembra", "fecha_nacimiento": "2025-10-12", "cliente": 15, "microchip": "", "foto": "mascotas/perrito.png", "alergias_conocidas": "al pollo y a la carne", "alergias_tipo": "alimentos", "enfermedades_cronicas": "inhalador", "enfermedades_tipo": "respiratorios", "esterilizado": "desconocido", "fecha_esterilizacion": null, "peso_actual": "1.24", "medicacion_actual": "acetaminofén", "comportamiento_consulta": "tranquilo", "veterinario_habitual": "", "telefono_emergencia": "3022468107", "estado_vacunacion": "parcial", "fecha_ultima_vacuna": "2025-10-13", "desparasitacion": "pendiente", "fecha_ultima_desparasitacion": "2025-10-13", "cirugias_previas": "", "fecha_ultima_cirugia": null, "tipo_alimentacion": "", "frecuencia_alimentacion": "", "comportamiento": "", "permite_manejo": "", "cartilla_vacunacion": "", "observaciones_comportamiento": "", "caracteristicas": "una cicatriz en el ojo", "color": "", "fecha_registro": "2025-10-15T23:59:10.167Z"}}, {"model": "mascotas.vacuna", "pk": 1, "fields": {"mascota": 7, "nombre": "Vacuna Test", "fecha_aplicacion": "2025-10-07", "fecha_proxima": "2025-11-06", "aplicada": true, "lote": "Lote no especificado", "laboratorio": "Laboratorio no especificado", "via_aplicacion": "subcutanea", "sitio_aplicacion": "", "reacciones_adversas": ""}}, {"model": "citas.cita", "pk": 1, "fields": {"mascota": 32, "fecha": "2025-10-23T21:00:00Z", "tipo": "desparasitacion", "prioridad": "normal", "motivo": "Control de rutina y revisión general", "sintomas": "Sin síntomas aparentes", "estado": "programada", "veterinario": "Dra. Sánchez Ruiz", "duracion_estimada": 60, "sala": "Sala de Urgencias", "notas": "Cita programada para desparasitacion", "antecedentes": "Sin antecedentes relevantes", "medicamentos_actuales": "Ninguno", "alergias": "Ninguna", "recordatorio_enviado": false, "confirmada_por_cliente": false, "fecha_creacion": "2025-10-06T20:35:52.871Z", "fecha_actualizacion": "2025-10-06T20:35:52.871Z"}}, {"model": "citas.cita", "pk": 2, "fields": {"mascota": 86, "fecha": "2025-10-18T22:00:00Z", "tipo": "urgencia", "prioridad": "urgente", "motivo": "Aplicación de vacunas pendientes", "sintomas": "Vómito ocasional", "estado": "programada", "veterinario": "Dra. Rodríguez Silva", "duracion_estimada": 30, "sala": "Sala de Cirugía", "notas": "Cita programada para urgencia", "antecedentes": "Artritis", "medicamentos_actuales": "Ninguno", "alergias": "Ciertos alimentos", "recordatorio_enviado": true, "confirmada_por_cliente": true, "fecha_creacion": "2025-10-06T20:35:52.887Z", "fecha_actualizacion": "2025-10-06T20:35:52.887Z"}}, {"model": "citas.cita", "pk": 3, "fields": {"mascota": 35, "fecha": "2025-10-18T17:00:00Z", "tipo": "vacunacion", "prioridad": "normal", "motivo": "Desparasitación programada", "sintomas": "Pérdida de apetito", "estado": "completada", "veterinario": "Dr. López Torres", "duracion_estimada": 45, "sala": "Sala de Cirugía", "notas": "Cita programada para vacunacion", "antecedentes": "Sin antecedentes relevantes", "medicamentos_actuales": "Ninguno", "alergias": "Ninguna", "recordatorio_enviado": false, "confirmada_por_cliente": true, "fecha_creacion": "2025-10-06T20:35:52.891Z", "fecha_actualizacion": "2025-10-07T18:40:45.080Z"}}, {"model": "citas.cita", "pk": 4, "fields": {"mascota": 90, "fecha": "2025-10-30T15:30:00Z", "tipo": "consulta_general", "prioridad": "normal", "motivo": "Consulta por vómito y diarrea", "sintomas": "Picazón en la piel", "estado": "confirmada", "veterinario": "Dra. Sánchez Ruiz", "duracion_estimada": 30, "sala": "Sala de Urgencias", "notas": "Cita programada para consulta general", "antecedentes": "Sin antecedentes relevantes", "medicamentos_actuales": "Ninguno", "alergias": "Ninguna", "recordatorio_enviado": false, "confirmada_por_cliente": false, "fecha_creacion": "2025-10-06T20:35:52.895Z", "fecha_actualizacion": "2025-10-06T20:35:52.895Z"}}, {"model": "citas.cita", "pk": 5, "fields": {"mascota": 76, "fecha": "2025-10-18T19:00:00Z", "tipo": "vacunacion", "prioridad": "normal", "motivo": "Revisión de herida en pata", "sintomas": "", "estado": "programada", "veterinario": "Dr. García Martínez", "duracion_estimada": 30, "sala": "Consultorio 3", "notas": "Cita programada para vacunacion", "antecedentes": "Sin antecedentes relevantes", "medicamentos_actuales": "Suplementos vitamínicos", "alergias": "Ninguna", "recordatorio_enviado": false, "confirmada_por_cliente": true, "fecha_creacion": "2025-10-06T20:35:52.899Z", "fecha_actualizacion": "2025-10-06T20:35:52.899Z"}}, {"model": "citas.cita", "pk": 6, "fields": {"mascota": 31, "fecha": "2025-10-21T22:00:00Z", "tipo": "vacunacion", "prioridad": "normal", "motivo": "Control de peso y nutrición", "sintomas": "Tos seca", "estado": "programada", "veterinario": "Dra. Rodríguez Silva", "duracion_estimada": 45, "sala": "Consultorio 2", "notas": "Cita programada para vacunacion", "antecedentes": "Diabetes", "medicamentos_actuales": "Suplementos vitamínicos", "alergias": "Polen", "recordatorio_enviado": false, "confirmada_por_cliente": false, "fecha_creacion": "2025-10-06T20:35:52.902Z", "fecha_actualizacion": "2025-10-06T20:35:52.902Z"}}, {"model": "citas.cita", "pk": 7, "fields": {"mascota": 28, "fecha": "2025-11-02T16:30:00Z", "tipo": "control", "prioridad": "normal", "motivo": "Consulta dermatológica por picazón", "sintomas": "", "estado": "programada", "veterinario": "Dra. Rodríguez Silva", "duracion_estimada": 45, "sala": "Sala de Urgencias", "notas": "Cita programada para control", "antecedentes": "Sin antecedentes relevantes", "medicamentos_actuales": "Ninguno", "alergias": "Ninguna", "recordatorio_enviado": false, "confirmada_por_cliente": false, "fecha_creacion": "2025-10-06T20:35:52.905Z", "fecha_actualizacion": "2025-10-06T20:35:52.905Z"}}, {"model": "citas.cita", "pk": 8, "fields": {"mascota": 7, "fecha": "2025-10-31T21:30:00Z", "tipo": "urgencia", "prioridad": "urgente", "motivo": "Chequeo post-cirugía", "sintomas": "", "estado": "cancelada", "veterinario": "Dr. García Martínez", "duracion_estimada": 45, "sala": "Consultorio 2", "notas": "Cita programada para urgencia", "antecedentes": "Sin antecedentes relevantes", "medicamentos_actuales": "Ninguno", "alergias": "Ninguna", "recordatorio_enviado": false, "confirmada_por_cliente": true, "fecha_creacion": "2025-10-06T20:35:52.909Z", "fecha_actualizacion": "2025-10-18T00:26:11.290Z"}}, {"model": "citas.cita", "pk": 9, "fields": {"mascota": 97, "fecha": "2025-10-27T14:00:00Z", "tipo": "desparasitacion", "prioridad": "normal", "motivo": "Control de enfermedad crónica", "sintomas": "Diarrea", "estado": "programada", "veterinario": "Dr. López Torres", "duracion_estimada": 60, "sala": "Sala de Urgencias", "notas": "Cita programada para desparasitacion", "antecedentes": "Sin antecedentes relevantes", "medicamentos_actuales": "Ninguno", "alergias": "Ninguna", "recordatorio_enviado": false, "confirmada_por_cliente": false, "fecha_creacion": "2025-10-06T20:35:52.912Z", "fecha_actualizacion": "2025-10-06T20:35:52.912Z"}}, {"model": "citas.cita", "pk": 10, "fields": {"mascota": 45, "fecha": "2025-11-01T18:00:00Z", "tipo": "control", "prioridad": "normal", "motivo": "Vacunación antirrábica anual", "sintomas": "Secreción nasal", "estado": "confirmada", "veterinario": "Dr. García Martínez", "duracion_estimada": 30, "sala": "Consultorio 2", "notas": "Cita programada para control", "antecedentes": "Problemas cardíacos", "medicamentos_actuales": "Ninguno", "alergias": "Ninguna", "recordatorio_enviado": true, "confirmada_por_cliente": false, "fecha_creacion": "2025-10-06T20:35:52.915Z", "fecha_actualizacion": "2025-10-06T20:35:52.915Z"}}, {"model": "citas.cita", "pk": 11, "fields": {"mascota": 7, "fecha": "2025-10-08T20:30:37.519Z", "tipo": "consulta_general", "prioridad": "normal", "motivo": "Prueba de señal de notificaciones", "sintomas": "", "estado": "completada", "veterinario": "", "duracion_estimada": 30, "sala": "", "notas": "", "antecedentes": "", "medicamentos_actuales": "", "alergias": "", "recordatorio_enviado": false, "confirmada_por_cliente": false, "fecha_creacion": "2025-10-07T16:37:37.560Z", "fecha_actualizacion": "2025-10-07T18:37:09.918Z"}}, {"model": "citas.cita", "pk": 12, "fields": {"mascota": 104, "fecha": "2025-10-16T23:30:00Z", "tipo": "consulta_general", "prioridad": "normal", "motivo": "primera consulta", "sintomas": "tose", "estado": "confirmada", "veterinario": "", "duracion_estimada": 30, "sala": "", "notas": "", "antecedentes": "ninguno", "medicamentos_actuales": "ninguno", "alergias": "al polvo", "recordatorio_enviado": false, "confirmada_por_cliente": true, "fecha_creacion": "2025-10-15T23:44:54.420Z", "fecha_actualizacion": "2025-10-15T23:44:54.420Z"}}, {"model": "administracion.veterinario", "pk": 1, "fields": {"usuario": 19, "nombre_completo": "Dr. Veterinario Test", "especialidad": "Medicina General", "numero_colegiado": "12345", "telefono": "3001234567", "activo": true}}, {"model": "tienda.categoria", "pk": 1, "fields": {"nombre": "Alimentos para Perros", "descripcion": "Alimentos balanceados y premium para perros de todas las edades", "imagen": "", "activo": true, "fecha_creacion": "2025-10-06T20:35:52.918Z"}}, {"model": "tienda.categoria", "pk": 2, "fields": {"nombre": "Alimentos para Gatos", "descripcion": "Alimentos especializados para gatos", "imagen": "", "activo": true, "fecha_creacion": "2025-10-06T20:35:52.924Z"}}, {"model": "tienda.categoria", "pk": 3, "fields": {"nombre": "Medicamentos", "descripcion": "Medicamentos veterinarios y suplementos", "imagen": "", "activo": true, "fecha_creacion": "2025-10-06T20:35:52.927Z"}}, {"model": "tienda.categoria", "pk": 4, "fields": {"nombre": "Accesorios", "descripcion": "Collares, correas, camas y más", "imagen": "", "activo": true, "fecha_creacion": "2025-10-06T20:35:52.929Z"}}, {"model": "tienda.categoria", "pk": 5, "fields": {"nombre": "Higiene y Cuidado", "descripcion": "Productos de higiene y cuidado personal para mascotas", "imagen": "", "activo": true, "fecha_creacion": "2025-10-06T20:35:52.931Z"}}, {"model": "tienda.categoria", "pk": 6, "fields": {"nombre": "Juguetes", "descripcion": "Juguetes para entretenimiento y ejercicio", "imagen": "", "activo": true, "fecha_creacion": "2025-10-06T20:35:52.934Z"}}, {"model": "tienda.categoria", "pk": 7, "fields": {"nombre": "alimento para aves", "descripcion": "", "imagen": "", "activo": true, "fecha_creacion": "2025-10-17T16:03:21.098Z"}}, {"model": "tienda.categoria", "pk": 8, "fields": {"nombre": "alimento para reptiles", "descripcion": "", "imagen": "", "activo": true, "fecha_creacion": "2025-10-17T16:15:37.380Z"}}, {"model": "tienda.producto", "pk": 1, "fields": {"nombre": "Dog Chow Adultos 15kg", "descripcion": "Alimento balanceado para perros adultos de todas las razas", "precio": "125000.00", "precio_descuento": null, "categoria": 1, "tipo": "alimento", "tipo_mascota": "perro", "imagen": "productos/Dog_Chow_Adultos_15kg.jpeg", "stock": 50, "stock_minimo": 5, "activo": true, "destacado": false, "fecha_creacion": "2025-10-06T20:35:52.938Z", "fecha_actualizacion": "2025-10-17T15:59:37.256Z"}}, {"model": "tienda.producto", "pk": 2, "fields": {"nombre": "Chunky Cachorro 10kg", "descripcion": "Alimento premium para cachorros en crecimiento", "precio": "98000.00", "precio_descuento": null, "categoria": 1, "tipo": "alimento", "tipo_mascota": "perro", "imagen": "productos/Chunky_Cachorro_10kg.jpeg", "stock": 35, "stock_minimo": 5, "activo": true, "destacado": false, "fecha_creacion": "2025-10-06T20:35:52.950Z", "fecha_actualizacion": "2025-10-17T16:00:15.084Z"}}, {"model": "tienda.producto", "pk": 3, "fields": {"nombre": "Royal Canin Adulto 7.5kg", "descripcion": "Alimento premium para perros adultos", "precio": "185000.00", "precio_descuento": "150405.81", "categoria": 1, "tipo": "alimento", "tipo_mascota": "todos", "imagen": "productos/Royal_Canin_Medium_Adult.jpg", "stock": 25, "stock_minimo": 5, "activo": true, "destacado": true, "fecha_creacion": "2025-10-06T20:35:52.955Z", "fecha_actualizacion": "2025-10-17T15:24:07.728Z"}}, {"model": "tienda.producto", "pk": 4, "fields": {"nombre": "Gatsy Adultos 10kg", "descripcion": "Alimento completo para gatos adultos", "precio": "95000.00", "precio_descuento": null, "categoria": 2, "tipo": "alimento", "tipo_mascota": "todos", "imagen": "productos/Gatsy_Adultos_10kg.jpeg", "stock": 40, "stock_minimo": 5, "activo": true, "destacado": true, "fecha_creacion": "2025-10-06T20:35:52.960Z", "fecha_actualizacion": "2025-10-17T15:26:21.211Z"}}, {"model": "tienda.producto", "pk": 5, "fields": {"nombre": "Whiskas Húmedo Pouch 85g", "descripcion": "Alimento húmedo para gatos, sabor pescado", "precio": "3500.00", "precio_descuento": null, "categoria": 2, "tipo": "alimento", "tipo_mascota": "todos", "imagen": "productos/Whiskas_Húmedo_Pouch_85g.jpeg", "stock": 200, "stock_minimo": 5, "activo": true, "destacado": true, "fecha_creacion": "2025-10-06T20:35:52.964Z", "fecha_actualizacion": "2025-10-17T15:56:29.063Z"}}, {"model": "tienda.producto", "pk": 6, "fields": {"nombre": "Bravecto 20-40kg", "descripcion": "Antipulgas y garrapatas de larga duración", "precio": "89000.00", "precio_descuento": null, "categoria": 3, "tipo": "medicamento", "tipo_mascota": "todos", "imagen": "productos/Bravecto_20-40kg.jpeg", "stock": 30, "stock_minimo": 5, "activo": true, "destacado": true, "fecha_creacion": "2025-10-06T20:35:52.967Z", "fecha_actualizacion": "2025-10-17T15:55:20.881Z"}}, {"model": "tienda.producto", "pk": 7, "fields": {"nombre": "Nexgard Spectra M", "descripcion": "Protección contra pulgas, garrapatas y parásitos internos", "precio": "75000.00", "precio_descuento": null, "categoria": 3, "tipo": "medicamento", "tipo_mascota": "todos", "imagen": "productos/Nexgard_Spectra_M.jpeg", "stock": 45, "stock_minimo": 5, "activo": true, "destacado": true, "fecha_creacion": "2025-10-06T20:35:52.970Z", "fecha_actualizacion": "2025-10-17T15:54:32.704Z"}}, {"model": "tienda.producto", "pk": 8, "fields": {"nombre": "Vitalkan Multivitamínico", "descripcion": "Suplemento multivitamínico para mascotas", "precio": "35000.00", "precio_descuento": null, "categoria": 3, "tipo": "medicamento", "tipo_mascota": "todos", "imagen": "productos/Vitalkan_Multivitamínico.jpeg", "stock": 60, "stock_minimo": 5, "activo": true, "destacado": true, "fecha_creacion": "2025-10-06T20:35:52.975Z", "fecha_actualizacion": "2025-10-17T15:53:40.700Z"}}, {"model": "tienda.producto", "pk": 9, "fields": {"nombre": "Revolution Plus Gatos", "descripcion": "Protección integral para gatos", "precio": "65000.00", "precio_descuento": null, "categoria": 3, "tipo": "medicamento", "tipo_mascota": "todos", "imagen": "productos/Revolution_Plus_Gatos.jpeg", "stock": 38, "stock_minimo": 5, "activo": true, "destacado": false, "fecha_creacion": "2025-10-06T20:35:52.979Z", "fecha_actualizacion": "2025-10-17T15:52:31.022Z"}}, {"model": "tienda.producto", "pk": 10, "fields": {"nombre": "Collar Ajustable Mediano", "descripcion": "Collar ajustable de nylon resistente", "precio": "25000.00", "precio_descuento": "18624.83", "categoria": 4, "tipo": "accesorio", "tipo_mascota": "todos", "imagen": "productos/Collar_Ajustable_Mediano.jpeg", "stock": 75, "stock_minimo": 5, "activo": true, "destacado": false, "fecha_creacion": "2025-10-06T20:35:52.982Z", "fecha_actualizacion": "2025-10-17T15:51:15.110Z"}}, {"model": "tienda.producto", "pk": 11, "fields": {"nombre": "Correa Retráctil 5m", "descripcion": "Correa retráctil para paseos cómodos", "precio": "45000.00", "precio_descuento": "36470.36", "categoria": 4, "tipo": "accesorio", "tipo_mascota": "todos", "imagen": "productos/Correa_Retráctil_5m.webp", "stock": 50, "stock_minimo": 5, "activo": true, "destacado": true, "fecha_creacion": "2025-10-06T20:35:52.985Z", "fecha_actualizacion": "2025-10-11T11:32:48.083Z"}}, {"model": "tienda.producto", "pk": 12, "fields": {"nombre": "Cama Acolchada Grande", "descripcion": "Cama acolchada lavable para perros grandes", "precio": "120000.00", "precio_descuento": null, "categoria": 4, "tipo": "accesorio", "tipo_mascota": "todos", "imagen": "productos/Cama_Acolchada_Grande.webp", "stock": 20, "stock_minimo": 5, "activo": true, "destacado": false, "fecha_creacion": "2025-10-06T20:35:52.988Z", "fecha_actualizacion": "2025-10-11T11:32:27.242Z"}}, {"model": "tienda.producto", "pk": 13, "fields": {"nombre": "Plato Acero Inoxidable", "descripcion": "Plato antideslizante de acero inoxidable", "precio": "18000.00", "precio_descuento": null, "categoria": 4, "tipo": "accesorio", "tipo_mascota": "todos", "imagen": "productos/Plato_Acero_Inoxidable.webp", "stock": 100, "stock_minimo": 5, "activo": true, "destacado": true, "fecha_creacion": "2025-10-06T20:35:52.992Z", "fecha_actualizacion": "2025-10-11T11:31:59.689Z"}}, {"model": "tienda.producto", "pk": 14, "fields": {"nombre": "Shampoo Antipulgas 500ml", "descripcion": "Shampoo medicado antipulgas y garrapatas", "precio": "28000.00", "precio_descuento": "23565.88", "categoria": 5, "tipo": "higiene", "tipo_mascota": "todos", "imagen": "productos/Shampoo_Antipulgas_500ml.jpeg", "stock": 65, "stock_minimo": 5, "activo": true, "destacado": false, "fecha_creacion": "2025-10-06T20:35:52.996Z", "fecha_actualizacion": "2025-10-11T11:31:24.770Z"}}, {"model": "tienda.producto", "pk": 15, "fields": {"nombre": "Cepillo Removedor de Pelo", "descripcion": "Cepillo profesional para remoción de pelo muerto", "precio": "32000.00", "precio_descuento": "26236.00", "categoria": 5, "tipo": "higiene", "tipo_mascota": "todos", "imagen": "productos/Cepillo_Removedor_de_Pelo.jpeg", "stock": 55, "stock_minimo": 5, "activo": true, "destacado": false, "fecha_creacion": "2025-10-06T20:35:53.000Z", "fecha_actualizacion": "2025-10-11T11:31:03.673Z"}}, {"model": "tienda.producto", "pk": 16, "fields": {"nombre": "Toallas Húmedas Pack x30", "descripcion": "Toallas húmedas hipoalergénicas", "precio": "15000.00", "precio_descuento": null, "categoria": 5, "tipo": "higiene", "tipo_mascota": "todos", "imagen": "productos/Toallas_Húmedas_Pack_x30.jpg", "stock": 80, "stock_minimo": 5, "activo": true, "destacado": true, "fecha_creacion": "2025-10-06T20:35:53.004Z", "fecha_actualizacion": "2025-10-11T11:30:40.855Z"}}, {"model": "tienda.producto", "pk": 17, "fields": {"nombre": "Pelota Kong Mediana", "descripcion": "Pelota resistente para perros medianos", "precio": "35000.00", "precio_descuento": null, "categoria": 6, "tipo": "juguete", "tipo_mascota": "todos", "imagen": "productos/Pelota_Kong_Mediana.webp", "stock": 70, "stock_minimo": 5, "activo": true, "destacado": true, "fecha_creacion": "2025-10-06T20:35:53.009Z", "fecha_actualizacion": "2025-10-11T11:30:20.973Z"}}, {"model": "tienda.producto", "pk": 18, "fields": {"nombre": "Ratón con Catnip", "descripcion": "Juguete para gatos con hierba gatera", "precio": "8000.00", "precio_descuento": "5821.41", "categoria": 6, "tipo": "juguete", "tipo_mascota": "gato", "imagen": "productos/Ratón_con_Catnip.jpg", "stock": 150, "stock_minimo": 5, "activo": true, "destacado": false, "fecha_creacion": "2025-10-06T20:35:53.013Z", "fecha_actualizacion": "2025-10-17T16:00:26.750Z"}}, {"model": "tienda.producto", "pk": 19, "fields": {"nombre": "Cuerda Dental 3 Nudos", "descripcion": "Juguete de cuerda para limpieza dental", "precio": "22000.00", "precio_descuento": "18186.59", "categoria": 6, "tipo": "juguete", "tipo_mascota": "todos", "imagen": "productos/Cuerda_Dental_3_Nudos.jpg", "stock": 90, "stock_minimo": 5, "activo": true, "destacado": true, "fecha_creacion": "2025-10-06T20:35:53.017Z", "fecha_actualizacion": "2025-10-11T11:29:25.907Z"}}, {"model": "tienda.producto", "pk": 20, "fields": {"nombre": "Rascador Poste Gatos", "descripcion": "Rascador vertical con juguetes colgantes", "precio": "85000.00", "precio_descuento": null, "categoria": 6, "tipo": "juguete", "tipo_mascota": "gato", "imagen": "productos/Rascador_Poste_Gatos_8KVlruy.png", "stock": 25, "stock_minimo": 5, "activo": true, "destacado": true, "fecha_creacion": "2025-10-06T20:35:53.019Z", "fecha_actualizacion": "2025-10-17T15:59:00.558Z"}}, {"model": "tienda.producto", "pk": 21, "fields": {"nombre": "Alimento Para Aves X 500 G Mixtura Canar", "descripcion": "alimento para aves", "precio": "3800.00", "precio_descuento": "3000.00", "categoria": 7, "tipo": "alimento", "tipo_mascota": "ave", "imagen": "productos/Alimento_Para_Aves_X_500_G_Mixtura_Canar.jpg", "stock": 13, "stock_minimo": 5, "activo": true, "destacado": false, "fecha_creacion": "2025-10-17T16:06:07.126Z", "fecha_actualizacion": "2025-10-17T16:06:07.126Z"}}, {"model": "tienda.producto", "pk": 22, "fields": {"nombre": "Arena Br For Small Pets Hámster y Pequeños Roedores 1Kg", "descripcion": "arena para Hámster y Pequeños Roedores 1Kg", "precio": "5900.00", "precio_descuento": "5312.00", "categoria": 5, "tipo": "higiene", "tipo_mascota": "roedor", "imagen": "productos/roedores.jpg", "stock": 8, "stock_minimo": 5, "activo": true, "destacado": false, "fecha_creacion": "2025-10-17T16:12:49.003Z", "fecha_actualizacion": "2025-10-17T16:12:49.003Z"}}, {"model": "tienda.producto", "pk": 23, "fields": {"nombre": "Tenebrios X 50 Erizos Reptiles Pajaros Excelente Calidad", "descripcion": "alimento vivo", "precio": "10500.00", "precio_descuento": "9999.00", "categoria": 8, "tipo": "alimento", "tipo_mascota": "reptil", "imagen": "productos/Tenebrios_X_50_Erizos_Reptiles_Pajaros_Excelente_Calidad.webp", "stock": 10, "stock_minimo": 5, "activo": true, "destacado": false, "fecha_creacion": "2025-10-17T16:16:55.690Z", "fecha_actualizacion": "2025-10-17T16:16:55.690Z"}}, {"model": "tienda.carrito", "pk": 1, "fields": {"usuario": 3, "fecha_creacion": "2025-10-06T20:54:35.880Z", "fecha_actualizacion": "2025-10-06T20:54:35.880Z"}}, {"model": "tienda.carrito", "pk": 2, "fields": {"usuario": 1, "fecha_creacion": "2025-10-06T22:37:55.251Z", "fecha_actualizacion": "2025-10-06T22:37:55.251Z"}}, {"model": "tienda.carrito", "pk": 3, "fields": {"usuario": 17, "fecha_creacion": "2025-10-15T23:25:10.109Z", "fecha_actualizacion": "2025-10-15T23:25:10.109Z"}}, {"model": "tienda.carrito", "pk": 4, "fields": {"usuario": 14, "fecha_creacion": "2025-10-15T23:27:14.472Z", "fecha_actualizacion": "2025-10-15T23:27:14.472Z"}}, {"model": "tienda.carrito", "pk": 5, "fields": {"usuario": 15, "fecha_creacion": "2025-10-15T23:27:15.496Z", "fecha_actualizacion": "2025-10-15T23:27:15.496Z"}}, {"model": "tienda.carrito", "pk": 6, "fields": {"usuario": 21, "fecha_creacion": "2025-10-17T14:39:53.245Z", "fecha_actualizacion": "2025-10-17T14:39:53.245Z"}}, {"model": "tienda.carrito", "pk": 7, "fields": {"usuario": 23, "fecha_creacion": "2025-10-22T05:50:47.991Z", "fecha_actualizacion": "2025-10-22T05:50:47.991Z"}}, {"model": "tienda.carrito", "pk": 8, "fields": {"usuario": 19, "fecha_creacion": "2025-10-28T19:58:19.479Z", "fecha_actualizacion": "2025-10-28T19:58:19.479Z"}}, {"model": "tienda.itemcarrito", "pk": 1, "fields": {"carrito": 1, "producto": 20, "cantidad": 1, "fecha_agregado": "2025-10-06T20:54:35.910Z"}}, {"model": "tienda.itemcarrito", "pk": 2, "fields": {"carrito": 2, "producto": 10, "cantidad": 1, "fecha_agregado": "2025-10-07T23:13:50.510Z"}}, {"model": "tienda.itemcarrito", "pk": 12, "fields": {"carrito": 5, "producto": 14, "cantidad": 1, "fecha_agregado": "2025-10-16T01:14:14.462Z"}}, {"model": "tienda.itemcarrito", "pk": 14, "fields": {"carrito": 2, "producto": 17, "cantidad": 1, "fecha_agregado": "2025-10-18T00:32:42.387Z"}}, {"model": "tienda.itemcarrito", "pk": 17, "fields": {"carrito": 1, "producto": 23, "cantidad": 1, "fecha_agregado": "2025-10-25T12:49:37.318Z"}}, {"model": "tienda.itemcarrito", "pk": 18, "fields": {"carrito": 2, "producto": 23, "cantidad": 1, "fecha_agregado": "2025-10-25T13:23:58.610Z"}}, {"model": "tienda.orden", "pk": 1, "fields": {"usuario": 3, "numero_orden": "ORD85564554", "estado": "pendiente", "subtotal": "85000.00", "impuesto": "16150.00", "total": "101150.00", "direccion_envio": "Avenida 19 #120-45, Bogotá", "notas": "", "fecha_creacion": "2025-10-06T20:55:12.074Z", "fecha_actualizacion": "2025-10-06T20:55:12.074Z"}}, {"model": "tienda.orden", "pk": 2, "fields": {"usuario": 1, "numero_orden": "ORD19211820", "estado": "pendiente", "subtotal": "18624.83", "impuesto": "4488.72", "total": "28113.55", "direccion_envio": "Calle 72 #10-34, Bogotá", "notas": "", "fecha_creacion": "2025-10-07T23:14:26.086Z", "fecha_actualizacion": "2025-10-07T23:14:26.086Z"}}, {"model": "tienda.orden", "pk": 3, "fields": {"usuario": 1, "numero_orden": "ORD37386868", "estado": "pendiente", "subtotal": "36811.42", "impuesto": "7944.17", "total": "49755.59", "direccion_envio": "Calle 72 #10-34, Bogotá", "notas": "", "fecha_creacion": "2025-10-07T23:27:08.861Z", "fecha_actualizacion": "2025-10-07T23:27:08.861Z"}}, {"model": "tienda.orden", "pk": 4, "fields": {"usuario": 1, "numero_orden": "ORD14185626", "estado": "pendiente", "subtotal": "36811.42", "impuesto": "7944.17", "total": "49755.59", "direccion_envio": "Calle 72 #10-34, Bogotá", "notas": "", "fecha_creacion": "2025-10-07T23:35:50.989Z", "fecha_actualizacion": "2025-10-07T23:35:50.989Z"}}, {"model": "tienda.orden", "pk": 5, "fields": {"usuario": 1, "numero_orden": "ORD83537070", "estado": "pendiente", "subtotal": "54998.01", "impuesto": "10449.62", "total": "65447.63", "direccion_envio": "Calle 72 #10-34, Bogotá", "notas": "", "fecha_creacion": "2025-10-08T00:32:38.352Z", "fecha_actualizacion": "2025-10-08T00:32:38.352Z"}}, {"model": "tienda.orden", "pk": 6, "fields": {"usuario": 1, "numero_orden": "ORD15391488", "estado": "pendiente", "subtotal": "489998.01", "impuesto": "93099.62", "total": "583097.63", "direccion_envio": "Calle 72 #10-34, Bogotá", "notas": "", "fecha_creacion": "2025-10-11T11:37:48.676Z", "fecha_actualizacion": "2025-10-11T11:37:48.676Z"}}, {"model": "tienda.orden", "pk": 7, "fields": {"usuario": 1, "numero_orden": "ORD72064486", "estado": "pendiente", "subtotal": "489998.01", "impuesto": "93099.62", "total": "583097.63", "direccion_envio": "Calle 72 #10-34, Bogotá", "notas": "", "fecha_creacion": "2025-10-15T22:59:18.639Z", "fecha_actualizacion": "2025-10-15T22:59:18.639Z"}}, {"model": "tienda.orden", "pk": 8, "fields": {"usuario": 1, "numero_orden": "ORD72757683", "estado": "pendiente", "subtotal": "149998.01", "impuesto": "28499.62", "total": "178497.63", "direccion_envio": "Calle 72 #10-34, Bogotá", "notas": "", "fecha_creacion": "2025-10-15T23:09:45.709Z", "fecha_actualizacion": "2025-10-15T23:09:45.709Z"}}, {"model": "tienda.orden", "pk": 9, "fields": {"usuario": 1, "numero_orden": "ORD46764531", "estado": "pendiente", "subtotal": "149998.01", "impuesto": "28499.62", "total": "178497.63", "direccion_envio": "Calle 72 #10-34, Bogotá", "notas": "", "fecha_creacion": "2025-10-15T23:19:06.078Z", "fecha_actualizacion": "2025-10-15T23:19:06.078Z"}}, {"model": "tienda.orden", "pk": 10, "fields": {"usuario": 21, "numero_orden": "ORD75098545", "estado": "pendiente", "subtotal": "18186.59", "impuesto": "4405.45", "total": "27592.04", "direccion_envio": "cienaga", "notas": "", "fecha_creacion": "2025-10-17T16:41:42.795Z", "fecha_actualizacion": "2025-10-17T16:41:42.795Z"}}, {"model": "tienda.orden", "pk": 11, "fields": {"usuario": 21, "numero_orden": "ORD62913191", "estado": "pendiente", "subtotal": "18186.59", "impuesto": "4405.45", "total": "27592.04", "direccion_envio": "cienaga", "notas": "", "fecha_creacion": "2025-10-17T16:46:00.871Z", "fecha_actualizacion": "2025-10-17T16:46:00.871Z"}}, {"model": "tienda.orden", "pk": 12, "fields": {"usuario": 1, "numero_orden": "ORD80998741", "estado": "pendiente", "subtotal": "253184.60", "impuesto": "48105.07", "total": "301289.67", "direccion_envio": "Calle 72 #10-34, Bogotá", "notas": "", "fecha_creacion": "2025-10-18T00:13:20.382Z", "fecha_actualizacion": "2025-10-18T00:13:20.382Z"}}, {"model": "tienda.orden", "pk": 13, "fields": {"usuario": 1, "numero_orden": "ORD54372329", "estado": "pendiente", "subtotal": "148624.83", "impuesto": "28238.72", "total": "176863.55", "direccion_envio": "Calle 72 #10-34, Bogotá", "notas": "", "fecha_creacion": "2025-10-18T12:35:28.643Z", "fecha_actualizacion": "2025-10-18T12:35:28.643Z"}}, {"model": "tienda.orden", "pk": 14, "fields": {"usuario": 1, "numero_orden": "ORD38190302", "estado": "pendiente", "subtotal": "233624.83", "impuesto": "44388.72", "total": "278013.55", "direccion_envio": "Calle 72 #10-34, Bogotá", "notas": "", "fecha_creacion": "2025-10-22T03:49:18.548Z", "fecha_actualizacion": "2025-10-22T03:49:18.548Z"}}, {"model": "tienda.orden", "pk": 15, "fields": {"usuario": 1, "numero_orden": "ORD65580402", "estado": "pendiente", "subtotal": "53624.83", "impuesto": "10188.72", "total": "63813.55", "direccion_envio": "Calle 72 #10-34, Bogotá", "notas": "", "fecha_creacion": "2025-10-22T03:50:01.674Z", "fecha_actualizacion": "2025-10-22T03:50:01.674Z"}}, {"model": "tienda.orden", "pk": 16, "fields": {"usuario": 1, "numero_orden": "ORD15044503", "estado": "pendiente", "subtotal": "63623.83", "impuesto": "12088.53", "total": "75712.36", "direccion_envio": "Calle 72 #10-34, Bogotá", "notas": "", "fecha_creacion": "2025-10-25T13:24:16.798Z", "fecha_actualizacion": "2025-10-25T13:24:16.798Z"}}, {"model": "tienda.itemorden", "pk": 1, "fields": {"orden": 1, "producto": 20, "cantidad": 1, "precio": "85000.00", "subtotal": "85000.00"}}, {"model": "tienda.itemorden", "pk": 2, "fields": {"orden": 2, "producto": 10, "cantidad": 1, "precio": "18624.83", "subtotal": "18624.83"}}, {"model": "tienda.itemorden", "pk": 3, "fields": {"orden": 3, "producto": 10, "cantidad": 1, "precio": "18624.83", "subtotal": "18624.83"}}, {"model": "tienda.itemorden", "pk": 4, "fields": {"orden": 3, "producto": 19, "cantidad": 1, "precio": "18186.59", "subtotal": "18186.59"}}, {"model": "tienda.itemorden", "pk": 5, "fields": {"orden": 4, "producto": 10, "cantidad": 1, "precio": "18624.83", "subtotal": "18624.83"}}, {"model": "tienda.itemorden", "pk": 6, "fields": {"orden": 4, "producto": 19, "cantidad": 1, "precio": "18186.59", "subtotal": "18186.59"}}, {"model": "tienda.itemorden", "pk": 7, "fields": {"orden": 5, "producto": 10, "cantidad": 1, "precio": "18624.83", "subtotal": "18624.83"}}, {"model": "tienda.itemorden", "pk": 8, "fields": {"orden": 5, "producto": 19, "cantidad": 2, "precio": "18186.59", "subtotal": "36373.18"}}, {"model": "tienda.itemorden", "pk": 9, "fields": {"orden": 6, "producto": 10, "cantidad": 1, "precio": "18624.83", "subtotal": "18624.83"}}, {"model": "tienda.itemorden", "pk": 10, "fields": {"orden": 6, "producto": 19, "cantidad": 2, "precio": "18186.59", "subtotal": "36373.18"}}, {"model": "tienda.itemorden", "pk": 11, "fields": {"orden": 6, "producto": 4, "cantidad": 1, "precio": "95000.00", "subtotal": "95000.00"}}, {"model": "tienda.itemorden", "pk": 12, "fields": {"orden": 6, "producto": 20, "cantidad": 4, "precio": "85000.00", "subtotal": "340000.00"}}, {"model": "tienda.itemorden", "pk": 13, "fields": {"orden": 7, "producto": 10, "cantidad": 1, "precio": "18624.83", "subtotal": "18624.83"}}, {"model": "tienda.itemorden", "pk": 14, "fields": {"orden": 7, "producto": 19, "cantidad": 2, "precio": "18186.59", "subtotal": "36373.18"}}, {"model": "tienda.itemorden", "pk": 15, "fields": {"orden": 7, "producto": 4, "cantidad": 1, "precio": "95000.00", "subtotal": "95000.00"}}, {"model": "tienda.itemorden", "pk": 16, "fields": {"orden": 7, "producto": 20, "cantidad": 4, "precio": "85000.00", "subtotal": "340000.00"}}, {"model": "tienda.itemorden", "pk": 17, "fields": {"orden": 8, "producto": 10, "cantidad": 1, "precio": "18624.83", "subtotal": "18624.83"}}, {"model": "tienda.itemorden", "pk": 18, "fields": {"orden": 8, "producto": 19, "cantidad": 2, "precio": "18186.59", "subtotal": "36373.18"}}, {"model": "tienda.itemorden", "pk": 19, "fields": {"orden": 8, "producto": 4, "cantidad": 1, "precio": "95000.00", "subtotal": "95000.00"}}, {"model": "tienda.itemorden", "pk": 20, "fields": {"orden": 9, "producto": 10, "cantidad": 1, "precio": "18624.83", "subtotal": "18624.83"}}, {"model": "tienda.itemorden", "pk": 21, "fields": {"orden": 9, "producto": 19, "cantidad": 2, "precio": "18186.59", "subtotal": "36373.18"}}, {"model": "tienda.itemorden", "pk": 22, "fields": {"orden": 9, "producto": 4, "cantidad": 1, "precio": "95000.00", "subtotal": "95000.00"}}, {"model": "tienda.itemorden", "pk": 23, "fields": {"orden": 10, "producto": 19, "cantidad": 1, "precio": "18186.59", "subtotal": "18186.59"}}, {"model": "tienda.itemorden", "pk": 24, "fields": {"orden": 11, "producto": 19, "cantidad": 1, "precio": "18186.59", "subtotal": "18186.59"}}, {"model": "tienda.itemorden", "pk": 25, "fields": {"orden": 12, "producto": 10, "cantidad": 1, "precio": "18624.83", "subtotal": "18624.83"}}, {"model": "tienda.itemorden", "pk": 26, "fields": {"orden": 12, "producto": 19, "cantidad": 3, "precio": "18186.59", "subtotal": "54559.77"}}, {"model": "tienda.itemorden", "pk": 27, "fields": {"orden": 12, "producto": 4, "cantidad": 1, "precio": "95000.00", "subtotal": "95000.00"}}, {"model": "tienda.itemorden", "pk": 28, "fields": {"orden": 12, "producto": 20, "cantidad": 1, "precio": "85000.00", "subtotal": "85000.00"}}, {"model": "tienda.itemorden", "pk": 29, "fields": {"orden": 13, "producto": 10, "cantidad": 1, "precio": "18624.83", "subtotal": "18624.83"}}, {"model": "tienda.itemorden", "pk": 30, "fields": {"orden": 13, "producto": 4, "cantidad": 1, "precio": "95000.00", "subtotal": "95000.00"}}, {"model": "tienda.itemorden", "pk": 31, "fields": {"orden": 13, "producto": 17, "cantidad": 1, "precio": "35000.00", "subtotal": "35000.00"}}, {"model": "tienda.itemorden", "pk": 32, "fields": {"orden": 14, "producto": 10, "cantidad": 1, "precio": "18624.83", "subtotal": "18624.83"}}, {"model": "tienda.itemorden", "pk": 33, "fields": {"orden": 14, "producto": 4, "cantidad": 1, "precio": "95000.00", "subtotal": "95000.00"}}, {"model": "tienda.itemorden", "pk": 34, "fields": {"orden": 14, "producto": 17, "cantidad": 1, "precio": "35000.00", "subtotal": "35000.00"}}, {"model": "tienda.itemorden", "pk": 35, "fields": {"orden": 14, "producto": 20, "cantidad": 1, "precio": "85000.00", "subtotal": "85000.00"}}, {"model": "tienda.itemorden", "pk": 36, "fields": {"orden": 15, "producto": 10, "cantidad": 1, "precio": "18624.83", "subtotal": "18624.83"}}, {"model": "tienda.itemorden", "pk": 37, "fields": {"orden": 15, "producto": 17, "cantidad": 1, "precio": "35000.00", "subtotal": "35000.00"}}, {"model": "tienda.itemorden", "pk": 38, "fields": {"orden": 16, "producto": 10, "cantidad": 1, "precio": "18624.83", "subtotal": "18624.83"}}, {"model": "tienda.itemorden", "pk": 39, "fields": {"orden": 16, "producto": 17, "cantidad": 1, "precio": "35000.00", "subtotal": "35000.00"}}, {"model": "tienda.itemorden", "pk": 40, "fields": {"orden": 16, "producto": 23, "cantidad": 1, "precio": "9999.00", "subtotal": "9999.00"}}, {"model": "tienda.comentario", "pk": 1, "fields": {"producto": 20, "usuario": 1, "calificacion": 4, "comentario": "buen producto", "fecha_creacion": "2025-10-06T22:16:44.898Z", "fecha_actualizacion": "2025-10-06T22:16:44.898Z", "aprobado": true}}, {"model": "tienda.comentario", "pk": 2, "fields": {"producto": 20, "usuario": 15, "calificacion": 5, "comentario": "muy bueno", "fecha_creacion": "2025-10-16T00:23:53.602Z", "fecha_actualizacion": "2025-10-16T00:23:53.602Z", "aprobado": true}}, {"model": "tienda.comentario", "pk": 3, "fields": {"producto": 19, "usuario": 1, "calificacion": 4, "comentario": "buen producto", "fecha_creacion": "2025-10-16T00:33:27.328Z", "fecha_actualizacion": "2025-10-16T00:33:27.328Z", "aprobado": true}}, {"model": "tienda.comentario", "pk": 4, "fields": {"producto": 19, "usuario": 15, "calificacion": 3, "comentario": "sirve para lo que lo venden", "fecha_creacion": "2025-10-16T00:52:47.817Z", "fecha_actualizacion": "2025-10-16T00:52:47.817Z", "aprobado": true}}, {"model": "tienda.comentario", "pk": 5, "fields": {"producto": 14, "usuario": 15, "calificacion": 4, "comentario": "bueno, buenisimo y barato", "fecha_creacion": "2025-10-16T01:15:11.936Z", "fecha_actualizacion": "2025-10-16T01:15:11.937Z", "aprobado": true}}, {"model": "tienda.comentario", "pk": 6, "fields": {"producto": 19, "usuario": 21, "calificacion": 4, "comentario": "exelente", "fecha_creacion": "2025-10-17T16:41:25.259Z", "fecha_actualizacion": "2025-10-17T16:41:25.259Z", "aprobado": true}}, {"model": "tienda.comentario", "pk": 7, "fields": {"producto": 22, "usuario": 1, "calificacion": 5, "comentario": "exelente producto", "fecha_creacion": "2025-10-18T00:09:12.533Z", "fecha_actualizacion": "2025-10-18T00:09:12.533Z", "aprobado": true}}, {"model": "tienda.comentario", "pk": 8, "fields": {"producto": 23, "usuario": 3, "calificacion": 5, "comentario": "Buen producto", "fecha_creacion": "2025-10-25T12:50:33.726Z", "fecha_actualizacion": "2025-10-25T12:50:33.726Z", "aprobado": true}}, {"model": "notificaciones.notificacion", "pk": 1, "fields": {"cliente": 1, "tipo": "general", "titulo": "Bienvenido a Vet Love", "mensaje": "Gracias por registrarte en nuestro sistema veterinario.", "leida": true, "fecha_creacion": "2025-10-07T16:36:32.099Z", "fecha_envio": null, "enviada_por_email": false, "url_relacionada": null, "prioridad": "normal", "fecha_lectura": "2025-10-07T16:55:55.236Z"}}, {"model": "notificaciones.notificacion", "pk": 2, "fields": {"cliente": 1, "tipo": "cita", "titulo": "Cita programada", "mensaje": "Tienes una cita programada para mañana.", "leida": true, "fecha_creacion": "2025-10-07T16:36:32.148Z", "fecha_envio": null, "enviada_por_email": false, "url_relacionada": null, "prioridad": "normal", "fecha_lectura": "2025-10-07T16:56:05.689Z"}}, {"model": "notificaciones.notificacion", "pk": 3, "fields": {"cliente": 1, "tipo": "vacuna", "titulo": "Vacuna pendiente", "mensaje": "Es momento de aplicar la vacuna anual de tu mascota.", "leida": true, "fecha_creacion": "2025-10-07T16:36:32.151Z", "fecha_envio": null, "enviada_por_email": false, "url_relacionada": null, "prioridad": "alta", "fecha_lectura": null}}, {"model": "notificaciones.notificacion", "pk": 4, "fields": {"cliente": 1, "tipo": "sistema", "titulo": "Actualización del sistema", "mensaje": "Hemos actualizado nuestras funcionalidades.", "leida": true, "fecha_creacion": "2025-10-07T16:36:32.154Z", "fecha_envio": null, "enviada_por_email": false, "url_relacionada": null, "prioridad": "normal", "fecha_lectura": null}}, {"model": "notificaciones.notificacion", "pk": 5, "fields": {"cliente": 2, "tipo": "general", "titulo": "Bienvenido a Vet Love", "mensaje": "Gracias por registrarte en nuestro sistema veterinario.", "leida": false, "fecha_creacion": "2025-10-07T16:36:32.157Z", "fecha_envio": null, "enviada_por_email": false, "url_relacionada": null, "prioridad": "normal", "fecha_lectura": null}}, {"model": "notificaciones.notificacion", "pk": 6, "fields": {"cliente": 2, "tipo": "cita", "titulo": "Cita programada", "mensaje": "Tienes una cita programada para mañana.", "leida": false, "fecha_creacion": "2025-10-07T16:36:32.161Z", "fecha_envio": null, "enviada_por_email": false, "url_relacionada": null, "prioridad": "normal", "fecha_lectura": null}}, {"model": "notificaciones.notificacion", "pk": 7, "fields": {"cliente": 2, "tipo": "vacuna", "titulo": "Vacuna pendiente", "mensaje": "Es momento de aplicar la vacuna anual de tu mascota.", "leida": false, "fecha_creacion": "2025-10-07T16:36:32.163Z", "fecha_envio": null, "enviada_por_email": false, "url_relacionada": null, "prioridad": "alta", "fecha_lectura": null}}, {"model": "notificaciones.notificacion", "pk": 8, "fields": {"cliente": 2, "tipo": "sistema", "titulo": "Actualización del sistema", "mensaje": "Hemos actualizado nuestras funcionalidades.", "leida": false, "fecha_creacion": "2025-10-07T16:36:32.164Z", "fecha_envio": null, "enviada_por_email": false, "url_relacionada": null, "prioridad": "normal", "fecha_lectura": null}}, {"model": "notificaciones.notificacion", "pk": 9, "fields": {"cliente": 3, "tipo": "general", "titulo": "Bienvenido a Vet Love", "mensaje": "Gracias por registrarte en nuestro sistema veterinario.", "leida": false, "fecha_creacion": "2025-10-07T16:36:32.166Z", "fecha_envio": null, "enviada_por_email": false, "url_relacionada": null, "prioridad": "normal", "fecha_lectura": null}}, {"model": "notificaciones.notificacion", "pk": 10, "fields": {"cliente": 3, "tipo": "cita", "titulo": "Cita programada", "mensaje": "Tienes una cita programada para mañana.", "leida": false, "fecha_creacion": "2025-10-07T16:36:32.171Z", "fecha_envio": null, "enviada_por_email": false, "url_relacionada": null, "prioridad": "normal", "fecha_lectura": null}}, {"model": "notificaciones.notificacion", "pk": 11, "fields": {"cliente": 3, "tipo": "vacuna", "titulo": "Vacuna pendiente", "mensaje": "Es momento de aplicar la vacuna anual de tu mascota.", "leida": false, "fecha_creacion": "2025-10-07T16:36:32.174Z", "fecha_envio": null, "enviada_por_email": false, "url_relacionada": null, "prioridad": "alta", "fecha_lectura": null}}, {"model": "notificaciones.notificacion", "pk": 12, "fields": {"cliente": 3, "tipo": "sistema", "titulo": "Actualización del sistema", "mensaje": "Hemos actualizado nuestras funcionalidades.", "leida": false, "fecha_creacion": "2025-10-07T16:36:32.176Z", "fecha_envio": null, "enviada_por_email": false, "url_relacionada": null, "prioridad": "normal", "fecha_lectura": null}}, {"model": "notificaciones.notificacion", "pk": 13, "fields": {"cliente": 1, "tipo": "cita", "titulo": "Cita veterinaria mañana", "mensaje": "Cita programada para 08/10/2025 11:36", "leida": true, "fecha_creacion": "2025-10-07T16:36:32.343Z", "fecha_envio": null, "enviada_por_email": false, "url_relacionada": null, "prioridad": "normal", "fecha_lectura": null}}, {"model": "notificaciones.notificacion", "pk": 14, "fields": {"cliente": 1, "tipo": "vacuna", "titulo": "Vacuna pendiente", "mensaje": "Es momento de aplicar la vacuna antirrábica", "leida": true, "fecha_creacion": "2025-10-07T16:36:32.354Z", "fecha_envio": null, "enviada_por_email": false, "url_relacionada": null, "prioridad": "alta", "fecha_lectura": null}}, {"model": "notificaciones.notificacion", "pk": 15, "fields": {"cliente": 1, "tipo": "control", "titulo": "Control mensual", "mensaje": "Revisión de peso y condición general", "leida": true, "fecha_creacion": "2025-10-07T16:36:32.365Z", "fecha_envio": null, "enviada_por_email": false, "url_relacionada": null, "prioridad": "normal", "fecha_lectura": "2025-10-07T16:49:14.864Z"}}, {"model": "notificaciones.notificacion", "pk": 16, "fields": {"cliente": 2, "tipo": "cita", "titulo": "Cita veterinaria mañana", "mensaje": "Cita programada para 08/10/2025 11:36", "leida": false, "fecha_creacion": "2025-10-07T16:36:32.375Z", "fecha_envio": null, "enviada_por_email": false, "url_relacionada": null, "prioridad": "normal", "fecha_lectura": null}}, {"model": "notificaciones.notificacion", "pk": 17, "fields": {"cliente": 2, "tipo": "vacuna", "titulo": "Vacuna pendiente", "mensaje": "Es momento de aplicar la vacuna antirrábica", "leida": false, "fecha_creacion": "2025-10-07T16:36:32.382Z", "fecha_envio": null, "enviada_por_email": false, "url_relacionada": null, "prioridad": "alta", "fecha_lectura": null}}, {"model": "notificaciones.notificacion", "pk": 18, "fields": {"cliente": 2, "tipo": "control", "titulo": "Control mensual", "mensaje": "Revisión de peso y condición general", "leida": false, "fecha_creacion": "2025-10-07T16:36:32.392Z", "fecha_envio": null, "enviada_por_email": false, "url_relacionada": null, "prioridad": "normal", "fecha_lectura": null}}, {"model": "notificaciones.notificacion", "pk": 19, "fields": {"cliente": 1, "tipo": "cita", "titulo": "Cita programada para Bruno", "mensaje": "Se ha programado una cita para Bruno el 08/10/2025 a las 15:30. Tipo: Consulta General.", "leida": true, "fecha_creacion": "2025-10-07T16:37:37.575Z", "fecha_envio": null, "enviada_por_email": false, "url_relacionada": "/citas/mis-citas/", "prioridad": "normal", "fecha_lectura": null}}, {"model": "notificaciones.notificacion", "pk": 20, "fields": {"cliente": 1, "tipo": "vacuna", "titulo": "Vacuna registrada para Bruno", "mensaje": "Se ha registrado la vacuna \"Vacuna Test\" para Bruno. Próxima dosis: 06/11/2025.", "leida": true, "fecha_creacion": "2025-10-07T16:37:37.617Z", "fecha_envio": null, "enviada_por_email": false, "url_relacionada": "/mascotas/detalle/7/", "prioridad": "alta", "fecha_lectura": "2025-10-07T23:12:48.945Z"}}, {"model": "notificaciones.notificacion", "pk": 21, "fields": {"cliente": 1, "tipo": "cita", "titulo": "Recordatorio: Cita de Bruno", "mensaje": "Tienes una cita programada para Bruno el 08/10/2025 a las 15:30. Tipo: Consulta General.", "leida": true, "fecha_creacion": "2025-10-07T16:38:20.381Z", "fecha_envio": null, "enviada_por_email": false, "url_relacionada": "/citas/mis-citas/", "prioridad": "normal", "fecha_lectura": "2025-10-07T16:47:59.014Z"}}, {"model": "notificaciones.notificacion", "pk": 22, "fields": {"cliente": 1, "tipo": "general", "titulo": "saludo", "mensaje": "hola", "leida": true, "fecha_creacion": "2025-10-07T18:29:50.471Z", "fecha_envio": null, "enviada_por_email": false, "url_relacionada": null, "prioridad": "normal", "fecha_lectura": null}}, {"model": "notificaciones.notificacion", "pk": 23, "fields": {"cliente": 2, "tipo": "general", "titulo": "saludo", "mensaje": "hola", "leida": false, "fecha_creacion": "2025-10-07T18:29:50.478Z", "fecha_envio": null, "enviada_por_email": false, "url_relacionada": null, "prioridad": "normal", "fecha_lectura": null}}, {"model": "notificaciones.notificacion", "pk": 24, "fields": {"cliente": 3, "tipo": "general", "titulo": "saludo", "mensaje": "hola", "leida": false, "fecha_creacion": "2025-10-07T18:29:50.481Z", "fecha_envio": null, "enviada_por_email": false, "url_relacionada": null, "prioridad": "normal", "fecha_lectura": null}}, {"model": "notificaciones.notificacion", "pk": 25, "fields": {"cliente": 4, "tipo": "general", "titulo": "saludo", "mensaje": "hola", "leida": false, "fecha_creacion": "2025-10-07T18:29:50.484Z", "fecha_envio": null, "enviada_por_email": false, "url_relacionada": null, "prioridad": "normal", "fecha_lectura": null}}, {"model": "notificaciones.notificacion", "pk": 26, "fields": {"cliente": 5, "tipo": "general", "titulo": "saludo", "mensaje": "hola", "leida": false, "fecha_creacion": "2025-10-07T18:29:50.488Z", "fecha_envio": null, "enviada_por_email": false, "url_relacionada": null, "prioridad": "normal", "fecha_lectura": null}}, {"model": "notificaciones.notificacion", "pk": 27, "fields": {"cliente": 6, "tipo": "general", "titulo": "saludo", "mensaje": "hola", "leida": false, "fecha_creacion": "2025-10-07T18:29:50.491Z", "fecha_envio": null, "enviada_por_email": false, "url_relacionada": null, "prioridad": "normal", "fecha_lectura": null}}, {"model": "notificaciones.notificacion", "pk": 28, "fields": {"cliente": 7, "tipo": "general", "titulo": "saludo", "mensaje": "hola", "leida": false, "fecha_creacion": "2025-10-07T18:29:50.494Z", "fecha_envio": null, "enviada_por_email": false, "url_relacionada": null, "prioridad": "normal", "fecha_lectura": null}}, {"model": "notificaciones.notificacion", "pk": 29, "fields": {"cliente": 8, "tipo": "general", "titulo": "saludo", "mensaje": "hola", "leida": false, "fecha_creacion": "2025-10-07T18:29:50.497Z", "fecha_envio": null, "enviada_por_email": false, "url_relacionada": null, "prioridad": "normal", "fecha_lectura": null}}, {"model": "notificaciones.notificacion", "pk": 30, "fields": {"cliente": 9, "tipo": "general", "titulo": "saludo", "mensaje": "hola", "leida": false, "fecha_creacion": "2025-10-07T18:29:50.499Z", "fecha_envio": null, "enviada_por_email": false, "url_relacionada": null, "prioridad": "normal", "fecha_lectura": null}}, {"model": "notificaciones.notificacion", "pk": 31, "fields": {"cliente": 10, "tipo": "general", "titulo": "saludo", "mensaje": "hola", "leida": false, "fecha_creacion": "2025-10-07T18:29:50.503Z", "fecha_envio": null, "enviada_por_email": false, "url_relacionada": null, "prioridad": "normal", "fecha_lectura": null}}, {"model": "notificaciones.notificacion", "pk": 32, "fields": {"cliente": 11, "tipo": "general", "titulo": "saludo", "mensaje": "hola", "leida": false, "fecha_creacion": "2025-10-07T18:29:50.507Z", "fecha_envio": null, "enviada_por_email": false, "url_relacionada": null, "prioridad": "normal", "fecha_lectura": null}}, {"model": "notificaciones.notificacion", "pk": 33, "fields": {"cliente": 12, "tipo": "general", "titulo": "saludo", "mensaje": "hola", "leida": false, "fecha_creacion": "2025-10-07T18:29:50.509Z", "fecha_envio": null, "enviada_por_email": false, "url_relacionada": null, "prioridad": "normal", "fecha_lectura": null}}, {"model": "notificaciones.notificacion", "pk": 34, "fields": {"cliente": 13, "tipo": "general", "titulo": "saludo", "mensaje": "hola", "leida": false, "fecha_creacion": "2025-10-07T18:29:50.511Z", "fecha_envio": null, "enviada_por_email": false, "url_relacionada": null, "prioridad": "normal", "fecha_lectura": null}}, {"model": "notificaciones.notificacion", "pk": 35, "fields": {"cliente": 14, "tipo": "general", "titulo": "saludo", "mensaje": "hola", "leida": false, "fecha_creacion": "2025-10-07T18:29:50.513Z", "fecha_envio": null, "enviada_por_email": false, "url_relacionada": null, "prioridad": "normal", "fecha_lectura": null}}, {"model": "notificaciones.notificacion", "pk": 36, "fields": {"cliente": 15, "tipo": "general", "titulo": "saludo", "mensaje": "hola", "leida": true, "fecha_creacion": "2025-10-07T18:29:50.515Z", "fecha_envio": null, "enviada_por_email": false, "url_relacionada": null, "prioridad": "normal", "fecha_lectura": "2025-10-15T23:39:30.128Z"}}, {"model": "notificaciones.notificacion", "pk": 37, "fields": {"cliente": 16, "tipo": "general", "titulo": "saludo", "mensaje": "hola", "leida": false, "fecha_creacion": "2025-10-07T18:29:50.517Z", "fecha_envio": null, "enviada_por_email": false, "url_relacionada": null, "prioridad": "normal", "fecha_lectura": null}}, {"model": "notificaciones.notificacion", "pk": 38, "fields": {"cliente": 1, "tipo": "cita", "titulo": "Cita confirmada: Bruno", "mensaje": "Su cita para Bruno ha sido confirmada.", "leida": true, "fecha_creacion": "2025-10-07T18:37:09.896Z", "fecha_envio": null, "enviada_por_email": false, "url_relacionada": "/citas/mis-citas/", "prioridad": "normal", "fecha_lectura": null}}, {"model": "notificaciones.notificacion", "pk": 39, "fields": {"cliente": 1, "tipo": "cita", "titulo": "Cita completada: Bruno", "mensaje": "Su cita para Bruno ha sido completada.", "leida": true, "fecha_creacion": "2025-10-07T18:37:09.925Z", "fecha_envio": null, "enviada_por_email": false, "url_relacionada": "/citas/mis-citas/", "prioridad": "normal", "fecha_lectura": "2025-10-07T23:12:04.748Z"}}, {"model": "notificaciones.notificacion", "pk": 40, "fields": {"cliente": 4, "tipo": "cita", "titulo": "Cita confirmada: Whiskers", "mensaje": "Su cita para Whiskers ha sido confirmada.", "leida": false, "fecha_creacion": "2025-10-07T18:40:45.057Z", "fecha_envio": null, "enviada_por_email": false, "url_relacionada": "/citas/mis-citas/", "prioridad": "normal", "fecha_lectura": null}}, {"model": "notificaciones.notificacion", "pk": 41, "fields": {"cliente": 4, "tipo": "cita", "titulo": "Cita completada: Whiskers", "mensaje": "Su cita para Whiskers ha sido completada.", "leida": false, "fecha_creacion": "2025-10-07T18:40:45.086Z", "fecha_envio": null, "enviada_por_email": false, "url_relacionada": "/citas/mis-citas/", "prioridad": "normal", "fecha_lectura": null}}, {"model": "notificaciones.notificacion", "pk": 42, "fields": {"cliente": 1, "tipo": "general", "titulo": "oferta", "mensaje": "50% de descuento en productos de higiene", "leida": true, "fecha_creacion": "2025-10-07T23:10:32.379Z", "fecha_envio": null, "enviada_por_email": false, "url_relacionada": null, "prioridad": "normal", "fecha_lectura": "2025-10-07T23:11:41.590Z"}}, {"model": "notificaciones.notificacion", "pk": 43, "fields": {"cliente": 2, "tipo": "general", "titulo": "oferta", "mensaje": "50% de descuento en productos de higiene", "leida": false, "fecha_creacion": "2025-10-07T23:10:32.424Z", "fecha_envio": null, "enviada_por_email": false, "url_relacionada": null, "prioridad": "normal", "fecha_lectura": null}}, {"model": "notificaciones.notificacion", "pk": 44, "fields": {"cliente": 3, "tipo": "general", "titulo": "oferta", "mensaje": "50% de descuento en productos de higiene", "leida": false, "fecha_creacion": "2025-10-07T23:10:32.427Z", "fecha_envio": null, "enviada_por_email": false, "url_relacionada": null, "prioridad": "normal", "fecha_lectura": null}}, {"model": "notificaciones.notificacion", "pk": 45, "fields": {"cliente": 4, "tipo": "general", "titulo": "oferta", "mensaje": "50% de descuento en productos de higiene", "leida": false, "fecha_creacion": "2025-10-07T23:10:32.429Z", "fecha_envio": null, "enviada_por_email": false, "url_relacionada": null, "prioridad": "normal", "fecha_lectura": null}}, {"model": "notificaciones.notificacion", "pk": 46, "fields": {"cliente": 5, "tipo": "general", "titulo": "oferta", "mensaje": "50% de descuento en productos de higiene", "leida": false, "fecha_creacion": "2025-10-07T23:10:32.431Z", "fecha_envio": null, "enviada_por_email": false, "url_relacionada": null, "prioridad": "normal", "fecha_lectura": null}}, {"model": "notificaciones.notificacion", "pk": 47, "fields": {"cliente": 6, "tipo": "general", "titulo": "oferta", "mensaje": "50% de descuento en productos de higiene", "leida": false, "fecha_creacion": "2025-10-07T23:10:32.433Z", "fecha_envio": null, "enviada_por_email": false, "url_relacionada": null, "prioridad": "normal", "fecha_lectura": null}}, {"model": "notificaciones.notificacion", "pk": 48, "fields": {"cliente": 7, "tipo": "general", "titulo": "oferta", "mensaje": "50% de descuento en productos de higiene", "leida": false, "fecha_creacion": "2025-10-07T23:10:32.435Z", "fecha_envio": null, "enviada_por_email": false, "url_relacionada": null, "prioridad": "normal", "fecha_lectura": null}}, {"model": "notificaciones.notificacion", "pk": 49, "fields": {"cliente": 8, "tipo": "general", "titulo": "oferta", "mensaje": "50% de descuento en productos de higiene", "leida": false, "fecha_creacion": "2025-10-07T23:10:32.436Z", "fecha_envio": null, "enviada_por_email": false, "url_relacionada": null, "prioridad": "normal", "fecha_lectura": null}}, {"model": "notificaciones.notificacion", "pk": 50, "fields": {"cliente": 9, "tipo": "general", "titulo": "oferta", "mensaje": "50% de descuento en productos de higiene", "leida": false, "fecha_creacion": "2025-10-07T23:10:32.442Z", "fecha_envio": null, "enviada_por_email": false, "url_relacionada": null, "prioridad": "normal", "fecha_lectura": null}}, {"model": "notificaciones.notificacion", "pk": 51, "fields": {"cliente": 10, "tipo": "general", "titulo": "oferta", "mensaje": "50% de descuento en productos de higiene", "leida": false, "fecha_creacion": "2025-10-07T23:10:32.444Z", "fecha_envio": null, "enviada_por_email": false, "url_relacionada": null, "prioridad": "normal", "fecha_lectura": null}}, {"model": "notificaciones.notificacion", "pk": 52, "fields": {"cliente": 11, "tipo": "general", "titulo": "oferta", "mensaje": "50% de descuento en productos de higiene", "leida": false, "fecha_creacion": "2025-10-07T23:10:32.446Z", "fecha_envio": null, "enviada_por_email": false, "url_relacionada": null, "prioridad": "normal", "fecha_lectura": null}}, {"model": "notificaciones.notificacion", "pk": 53, "fields": {"cliente": 12, "tipo": "general", "titulo": "oferta", "mensaje": "50% de descuento en productos de higiene", "leida": false, "fecha_creacion": "2025-10-07T23:10:32.448Z", "fecha_envio": null, "enviada_por_email": false, "url_relacionada": null, "prioridad": "normal", "fecha_lectura": null}}, {"model": "notificaciones.notificacion", "pk": 54, "fields": {"cliente": 13, "tipo": "general", "titulo": "oferta", "mensaje": "50% de descuento en productos de higiene", "leida": false, "fecha_creacion": "2025-10-07T23:10:32.449Z", "fecha_envio": null, "enviada_por_email": false, "url_relacionada": null, "prioridad": "normal", "fecha_lectura": null}}, {"model": "notificaciones.notificacion", "pk": 55, "fields": {"cliente": 14, "tipo": "general", "titulo": "oferta", "mensaje": "50% de descuento en productos de higiene", "leida": false, "fecha_creacion": "2025-10-07T23:10:32.451Z", "fecha_envio": null, "enviada_por_email": false, "url_relacionada": null, "prioridad": "normal", "fecha_lectura": null}}, {"model": "notificaciones.notificacion", "pk": 56, "fields": {"cliente": 15, "tipo": "general", "titulo": "oferta", "mensaje": "50% de descuento en productos de higiene", "leida": true, "fecha_creacion": "2025-10-07T23:10:32.453Z", "fecha_envio": null, "enviada_por_email": false, "url_relacionada": null, "prioridad": "normal", "fecha_lectura": null}}, {"model": "notificaciones.notificacion", "pk": 57, "fields": {"cliente": 16, "tipo": "general", "titulo": "oferta", "mensaje": "50% de descuento en productos de higiene", "leida": false, "fecha_creacion": "2025-10-07T23:10:32.455Z", "fecha_envio": null, "enviada_por_email": false, "url_relacionada": null, "prioridad": "normal", "fecha_lectura": null}}, {"model": "notificaciones.notificacion", "pk": 58, "fields": {"cliente": 15, "tipo": "desparasitacion", "titulo": "tus vacunas", "mensaje": "rina necesitas vacunaciones para desparacitarte", "leida": true, "fecha_creacion": "2025-10-15T23:56:28.020Z", "fecha_envio": null, "enviada_por_email": false, "url_relacionada": null, "prioridad": "urgente", "fecha_lectura": "2025-10-15T23:56:47.621Z"}}, {"model": "notificaciones.recordatorio", "pk": 1, "fields": {"cliente": 1, "tipo": "cita", "titulo": "Cita veterinaria mañana", "mensaje": "Cita programada para 08/10/2025 11:36", "fecha_recordatorio": "2025-10-08T15:00:00Z", "dias_anticipacion": 1, "enviado": true, "fecha_envio": "2025-10-07T16:36:32.346Z", "activo": true, "objeto_relacionado_id": null, "objeto_relacionado_tipo": ""}}, {"model": "notificaciones.recordatorio", "pk": 2, "fields": {"cliente": 1, "tipo": "vacuna", "titulo": "Vacuna pendiente", "mensaje": "Es momento de aplicar la vacuna antirrábica", "fecha_recordatorio": "2025-10-08T15:00:00Z", "dias_anticipacion": 1, "enviado": true, "fecha_envio": "2025-10-07T16:36:32.357Z", "activo": true, "objeto_relacionado_id": null, "objeto_relacionado_tipo": ""}}, {"model": "notificaciones.recordatorio", "pk": 3, "fields": {"cliente": 1, "tipo": "control", "titulo": "Control mensual", "mensaje": "Revisión de peso y condición general", "fecha_recordatorio": "2025-10-08T15:00:00Z", "dias_anticipacion": 1, "enviado": true, "fecha_envio": "2025-10-07T16:36:32.367Z", "activo": true, "objeto_relacionado_id": null, "objeto_relacionado_tipo": ""}}, {"model": "notificaciones.recordatorio", "pk": 4, "fields": {"cliente": 1, "tipo": "desparasitacion", "titulo": "Desparasitación", "mensaje": "Aplicar desparasitante interno y externo", "fecha_recordatorio": "2025-10-09T14:30:00Z", "dias_anticipacion": 1, "enviado": false, "fecha_envio": null, "activo": true, "objeto_relacionado_id": null, "objeto_relacionado_tipo": ""}}, {"model": "notificaciones.recordatorio", "pk": 5, "fields": {"cliente": 1, "tipo": "medicamento", "titulo": "Medicamento diario", "mensaje": "Administrar medicamento cada 12 horas", "fecha_recordatorio": "2025-10-09T14:30:00Z", "dias_anticipacion": 1, "enviado": false, "fecha_envio": null, "activo": true, "objeto_relacionado_id": null, "objeto_relacionado_tipo": ""}}, {"model": "notificaciones.recordatorio", "pk": 6, "fields": {"cliente": 1, "tipo": "cumpleanos", "titulo": "Cumpleaños de mascota", "mensaje": "¡Feliz cumpleaños! No olvides celebrar con tu mascota", "fecha_recordatorio": "2025-10-14T17:00:00Z", "dias_anticipacion": 3, "enviado": false, "fecha_envio": null, "activo": true, "objeto_relacionado_id": null, "objeto_relacionado_tipo": ""}}, {"model": "notificaciones.recordatorio", "pk": 7, "fields": {"cliente": 2, "tipo": "cita", "titulo": "Cita veterinaria mañana", "mensaje": "Cita programada para 08/10/2025 11:36", "fecha_recordatorio": "2025-10-08T15:00:00Z", "dias_anticipacion": 1, "enviado": true, "fecha_envio": "2025-10-07T16:36:32.376Z", "activo": true, "objeto_relacionado_id": null, "objeto_relacionado_tipo": ""}}, {"model": "notificaciones.recordatorio", "pk": 8, "fields": {"cliente": 2, "tipo": "vacuna", "titulo": "Vacuna pendiente", "mensaje": "Es momento de aplicar la vacuna antirrábica", "fecha_recordatorio": "2025-10-08T15:00:00Z", "dias_anticipacion": 1, "enviado": true, "fecha_envio": "2025-10-07T16:36:32.383Z", "activo": true, "objeto_relacionado_id": null, "objeto_relacionado_tipo": ""}}, {"model": "notificaciones.recordatorio", "pk": 9, "fields": {"cliente": 2, "tipo": "control", "titulo": "Control mensual", "mensaje": "Revisión de peso y condición general", "fecha_recordatorio": "2025-10-08T15:00:00Z", "dias_anticipacion": 1, "enviado": true, "fecha_envio": "2025-10-07T16:36:32.393Z", "activo": true, "objeto_relacionado_id": null, "objeto_relacionado_tipo": ""}}, {"model": "notificaciones.recordatorio", "pk": 10, "fields": {"cliente": 2, "tipo": "desparasitacion", "titulo": "Desparasitación", "mensaje": "Aplicar desparasitante interno y externo", "fecha_recordatorio": "2025-10-09T14:30:00Z", "dias_anticipacion": 1, "enviado": false, "fecha_envio": null, "activo": true, "objeto_relacionado_id": null, "objeto_relacionado_tipo": ""}}, {"model": "notificaciones.recordatorio", "pk": 11, "fields": {"cliente": 2, "tipo": "medicamento", "titulo": "Medicamento diario", "mensaje": "Administrar medicamento cada 12 horas", "fecha_recordatorio": "2025-10-09T14:30:00Z", "dias_anticipacion": 1, "enviado": false, "fecha_envio": null, "activo": true, "objeto_relacionado_id": null, "objeto_relacionado_tipo": ""}}, {"model": "notificaciones.recordatorio", "pk": 12, "fields": {"cliente": 2, "tipo": "cumpleanos", "titulo": "Cumpleaños de mascota", "mensaje": "¡Feliz cumpleaños! No olvides celebrar con tu mascota", "fecha_recordatorio": "2025-10-14T17:00:00Z", "dias_anticipacion": 3, "enviado": false, "fecha_envio": null, "activo": true, "objeto_relacionado_id": null, "objeto_relacionado_tipo": ""}}, {"model": "notificaciones.recordatorio", "pk": 13, "fields": {"cliente": 1, "tipo": "cita", "titulo": "Recordatorio: Cita de Bruno", "mensaje": "Tienes una cita programada para Bruno el 08/10/2025 a las 15:30. Tipo: Consulta General.", "fecha_recordatorio": "2025-10-08T20:30:37.519Z", "dias_anticipacion": 1, "enviado": true, "fecha_envio": "2025-10-07T16:38:20.411Z", "activo": true, "objeto_relacionado_id": 11, "objeto_relacionado_tipo": "cita"}}, {"model": "notificaciones.recordatorio", "pk": 14, "fields": {"cliente": 1, "tipo": "vacuna", "titulo": "Recordatorio: Vacuna de Bruno", "mensaje": "La próxima vacuna de Bruno (Vacuna Test) está programada para el 06/11/2025.", "fecha_recordatorio": "2025-11-06T05:00:00Z", "dias_anticipacion": 7, "enviado": false, "fecha_envio": null, "activo": true, "objeto_relacionado_id": 1, "objeto_relacionado_tipo": "vacuna"}}]